time;ax (m/s^2);ay (m/s^2);az (m/s^2);aT (m/s^2)
0,002476;0,0840;-0,0143;0,1404;0,164
0,003298;0,1199;-0,0192;0,1352;0,182
0,014073;0,1415;-0,0337;0,0974;0,175
0,014858;0,1345;-0,0103;0,0507;0,144
0,015197;0,1376;0,0226;-0,0052;0,139
0,024374;0,1126;0,0837;-0,0230;0,142
0,025260;0,1075;0,1209;-0,0222;0,163
0,030438;0,0886;0,1531;-0,0174;0,178
0,036035;0,0608;0,1521;-0,0227;0,165
0,042310;0,0383;0,1466;-0,0333;0,155
0,045516;0,0446;0,1222;-0,0158;0,131
0,051907;0,0369;0,0934;-0,0130;0,101
0,055862;0,0484;0,0696;-0,0056;0,085
0,061643;0,0315;0,0460;0,0160;0,058
0,066053;0,0244;0,0417;0,0089;0,049
0,073159;0,0032;0,0278;0,0115;0,030
0,076131;-0,0413;0,0044;0,0049;0,042
0,080559;-0,0711;0,0002;-0,0108;0,072
0,086170;-0,0910;-0,0185;0,0074;0,093
0,091131;-0,1249;0,0009;-0,0027;0,125
0,096246;-0,1539;-0,0132;-0,0123;0,155
0,100985;-0,2021;-0,0226;-0,0118;0,204
0,106436;-0,2312;-0,0226;-0,0158;0,233
0,110770;-0,2225;-0,0227;0,0092;0,224
0,117596;-0,2382;-0,0324;0,0247;0,242
0,121317;-0,2353;-0,0517;-0,0022;0,241
0,128541;-0,2093;-0,0709;-0,0334;0,223
0,131081;-0,1458;-0,0615;-0,0260;0,160
0,136145;-0,0973;-0,0618;-0,0234;0,118
0,142394;-0,0587;-0,0621;-0,0397;0,094
0,146314;-0,0348;-0,0576;-0,0463;0,082
0,153058;-0,0207;-0,0532;-0,0528;0,078
0,156666;-0,0210;-0,0299;-0,0781;0,086
0,162418;-0,0261;-0,0116;-0,0841;0,089
0,166353;-0,0265;-0,0077;-0,0852;0,090
0,173104;-0,0269;-0,0086;-0,0861;0,091
0,176975;-0,0367;-0,0096;-0,0678;0,078
0,181354;-0,0606;-0,0343;-0,0685;0,098
0,186607;-0,0510;-0,0209;-0,0597;0,081
0,191975;-0,0510;0,0066;-0,0746;0,091
0,196488;-0,0320;0,0387;-0,1036;0,115
0,201468;-0,0227;0,0514;-0,1465;0,157
0,206427;-0,0042;0,0641;-0,1606;0,173
0,211704;0,0046;0,0625;-0,1986;0,208
0,217909;0,0085;0,0657;-0,2175;0,227
0,221828;0,0074;0,0737;-0,2603;0,271
0,228925;0,0110;0,0486;-0,2937;0,298
0,231902;0,0287;0,0286;-0,3227;0,325
0,236868;0,0369;0,0279;-0,3329;0,336
0,242821;0,0640;0,0322;-0,3201;0,328
0,248022;0,0768;0,0462;-0,2653;0,280
0,252050;0,0801;0,0461;-0,2164;0,235
0,257638;0,0691;0,0366;-0,1779;0,194
0,262335;0,0677;0,0225;-0,1449;0,161
0,267371;0,0806;0,0134;-0,1172;0,143
0,273524;0,0936;0,0093;-0,0900;0,130
0,277471;0,1211;0,0005;-0,0728;0,141
0,284577;0,1583;-0,0130;-0,0512;0,167
0,287649;0,1622;-0,0072;-0,0251;0,164
0,292073;0,1571;-0,0157;0,0102;0,158
0,297534;0,1287;-0,0337;0,0262;0,136
0,302419;0,0963;-0,0467;0,0232;0,110
0,313717;0,0551;-0,0692;0,0441;0,099
0,314272;0,0052;-0,0631;0,0603;0,087
0,317825;-0,0299;-0,0428;0,0718;0,089
0,322982;-0,0788;-0,0132;0,0928;0,122
0,329554;-0,1084;-0,0076;0,0948;0,144
0,332896;-0,1238;0,0026;0,0874;0,152
0,342693;-0,1251;-0,0064;0,0804;0,149
0,343182;-0,1077;-0,0154;0,0880;0,140
0,348344;-0,0861;-0,0292;0,0770;0,119
0,352633;-0,0650;-0,0241;0,0807;0,106
0,358097;-0,0445;-0,0002;0,0897;0,100
0,363144;-0,0197;-0,0003;0,0705;0,073
0,373289;0,0189;0,0089;0,0375;0,043
0,373592;0,0427;0,0132;0,0147;0,047
0,378566;0,0708;0,0317;-0,0269;0,082
0,384491;0,1034;0,0690;-0,0490;0,134
0,388328;0,1120;0,0680;-0,0568;0,143
0,395706;0,0970;0,0671;-0,0837;0,145
0,398292;0,0586;0,0520;-0,0774;0,110
0,406578;0,0493;0,0515;-0,0526;0,089
0,408418;0,0737;0,0654;-0,0143;0,100
0,413095;0,1222;0,1031;0,0137;0,160
0,418039;0,1613;0,1074;0,0550;0,201
0,423074;0,1768;0,0929;0,1001;0,223
0,429015;0,1406;0,0788;0,1111;0,196
0,433155;0,1050;0,0363;0,1550;0,191
0,440416;0,0608;0,0180;0,1938;0,204
0,443382;0,0316;0,0187;0,2039;0,207
0,448255;0,0314;0,0289;0,2046;0,209
0,453415;0,0172;0,0295;0,2103;0,213
0,458705;-0,0112;0,0252;0,1735;0,176
0,463647;-0,0632;0,0161;0,1136;0,131
0,468669;-0,1246;-0,0026;0,0880;0,153
0,474768;-0,1574;0,0072;0,0773;0,175
0,478814;-0,1807;0,0025;0,0529;0,188
0,485364;-0,1900;0,0025;0,0434;0,195
0,489043;-0,1950;-0,0071;0,0009;0,195
0,495438;-0,2006;-0,0262;-0,0459;0,207
0,498977;-0,2162;-0,0166;-0,0828;0,232
0,504520;-0,2276;-0,0024;-0,0909;0,245
0,508947;-0,2395;0,0164;-0,1084;0,263
0,513849;-0,2282;0,0112;-0,0972;0,248
0,518635;-0,1892;0,0062;-0,0957;0,212
0,523804;-0,1462;-0,0036;-0,0944;0,174
0,528775;-0,0897;-0,0180;-0,1076;0,141
0,534116;-0,0434;-0,0179;-0,1161;0,125
0,541181;0,0214;-0,0082;-0,1107;0,113
0,544804;0,0526;-0,0033;-0,1102;0,122
0,551395;0,0601;-0,0079;-0,1195;0,134
0,555050;0,0678;-0,0124;-0,1099;0,130
0,559473;0,0664;-0,0215;-0,0909;0,115
0,564386;0,0368;-0,0305;-0,0816;0,095
0,569395;0,0219;-0,0300;-0,0533;0,065
0,574185;0,0073;-0,0201;-0,0534;0,058
0,579332;-0,0071;-0,0151;-0,0676;0,070
0,584124;-0,0405;-0,0149;-0,0767;0,088
0,589413;-0,0689;-0,0243;-0,0808;0,109
0,595113;-0,0925;-0,0337;-0,1083;0,146
0,599914;-0,1209;-0,0193;-0,1497;0,193
0,607569;-0,1351;-0,0004;-0,1574;0,207
0,609744;-0,1402;0,0090;-0,1509;0,206
0,615354;-0,1313;0,0229;-0,1493;0,200
0,619644;-0,1230;0,0273;-0,1382;0,187
0,624563;-0,1009;0,0317;-0,1321;0,169
0,631509;-0,0462;0,0455;-0,1071;0,125
0,634610;-0,0064;0,0496;-0,1105;0,121
0,641814;0,0424;0,0489;-0,1232;0,139
0,644861;0,0813;0,0386;-0,1403;0,167
0,651746;0,1151;0,0284;-0,1666;0,205
0,655691;0,1393;0,0229;-0,1783;0,227
0,659980;0,1590;0,0364;-0,2087;0,265
0,664868;0,1599;0,0309;-0,2387;0,289
0,670560;0,1374;0,0348;-0,2637;0,299
0,674950;0,1348;0,0673;-0,2839;0,321
0,680161;0,1090;0,0806;-0,2567;0,290
0,685301;0,0743;0,1034;-0,2442;0,275
0,690559;0,0544;0,1071;-0,2416;0,270
0,697715;0,0208;0,1157;-0,2205;0,250
0,700904;-0,0030;0,1006;-0,1904;0,215
0,707937;-0,0076;0,1047;-0,1609;0,192
0,710657;-0,0312;0,0804;-0,1178;0,146
0,715838;-0,0406;0,0611;-0,0517;0,090
0,720635;-0,0405;0,0325;-0,0195;0,056
0,725728;-0,0170;0,0233;0,0264;0,039
0,730804;0,0155;0,0284;0,0766;0,083
0,735501;0,0524;0,0145;0,0835;0,100
0,741653;0,0792;0,0007;0,0714;0,107
0,745507;0,1057;-0,0226;0,0784;0,134
0,751333;0,1320;-0,0409;0,0904;0,165
0,756934;0,1867;-0,0402;0,1121;0,221
0,763288;0,2126;-0,0396;0,1291;0,252
0,766245;0,2291;-0,0438;0,1416;0,273
0,770782;0,2647;-0,0339;0,1546;0,308
0,775711;0,2721;-0,0433;0,1205;0,301
0,780794;0,2752;-0,0527;0,0873;0,294
0,785685;0,2600;-0,0480;0,0407;0,267
0,791026;0,2408;-0,0339;-0,0193;0,244
0,795706;0,2034;0,0037;-0,0547;0,211
0,800875;0,1527;0,0267;-0,0991;0,184
0,807135;0,1028;0,0542;-0,1431;0,184
0,810800;0,0395;0,0768;-0,1820;0,201
0,818307;-0,0040;0,0993;-0,2019;0,225
0,821123;-0,0472;0,1170;-0,2172;0,251
0,826472;-0,0758;0,1441;-0,2328;0,284
0,830997;-0,0948;0,1570;-0,2252;0,290
0,836313;-0,1139;0,1605;-0,2229;0,297
0,843232;-0,1238;0,1593;-0,2213;0,299
0,847601;-0,1340;0,1441;-0,2109;0,288
0,851666;-0,1350;0,1339;-0,1821;0,263
0,857605;-0,1032;0,1240;-0,1351;0,210
0,865043;-0,0864;0,1190;-0,1126;0,185
0,866551;-0,0608;0,1188;-0,0857;0,159
0,872232;-0,0027;0,1044;-0,0685;0,125
0,882166;0,0592;0,1042;-0,0465;0,129
0,883483;0,1204;0,1182;-0,0435;0,174
0,890074;0,1857;0,1035;-0,0876;0,230
0,892634;0,2315;0,0746;-0,0883;0,259
0,897996;0,2867;0,0601;-0,1029;0,310
0,901821;0,2800;0,0551;-0,1218;0,310
0,907707;0,2786;0,0358;-0,1450;0,316
0,911717;0,2491;0,0451;-0,1772;0,309
0,918855;0,2203;0,0591;-0,1996;0,303
0,922061;0,2205;0,0966;-0,2358;0,337
0,926888;0,2161;0,1100;-0,2431;0,343
0,932027;0,2167;0,1186;-0,2883;0,380
0,937090;0,2174;0,1129;-0,3428;0,421
0,943188;0,2276;0,0836;-0,3875;0,457
0,947620;0,2142;0,0451;-0,4037;0,459
0,953188;0,1962;0,0118;-0,3917;0,438
0,957296;0,1691;-0,0068;-0,3706;0,407
0,963092;0,1374;-0,0204;-0,3596;0,385
0,967700;0,1200;-0,0386;-0,3584;0,380
0,974194;0,0837;-0,0566;-0,3479;0,362
0,977296;0,0616;-0,0839;-0,3661;0,381
0,982440;0,0538;-0,0682;-0,3651;0,375
0,987327;0,0408;-0,0575;-0,3641;0,371
0,992140;0,0467;-0,0373;-0,3680;0,373
0,998381;0,0474;-0,0125;-0,3720;0,375
1,002918;0,0716;0,0311;-0,3524;0,361
1,008206;0,0954;0,0650;-0,3523;0,371
1,012680;0,1046;0,0750;-0,3717;0,393
1,018734;0,1280;0,0660;-0,3723;0,399
1,026222;0,1558;0,0429;-0,3685;0,402
1,027554;0,1741;-0,0036;-0,3746;0,413
1,032606;0,1590;-0,0258;-0,3572;0,392
1,037935;0,1488;-0,0431;-0,3211;0,357
1,042562;0,1338;-0,0554;-0,2712;0,307
1,047664;0,1047;-0,0678;-0,2263;0,258
1,052916;0,0945;-0,0753;-0,1909;0,226
1,057655;0,0938;-0,0782;-0,1743;0,213
1,062804;0,1022;-0,0813;-0,1526;0,201
1,067772;0,1294;-0,0845;-0,1304;0,202
1,073780;0,1370;-0,0784;-0,1506;0,218
1,077908;0,1394;-0,0678;-0,1889;0,244
1,083553;0,1510;-0,0622;-0,2120;0,268
1,087814;0,1433;-0,0426;-0,2296;0,274
1,093874;0,1210;-0,0330;-0,2653;0,293
1,098681;0,1032;-0,0283;-0,2763;0,296
1,103136;0,0900;-0,0002;-0,3103;0,323
1,108158;0,1097;0,0465;-0,3672;0,386
1,113348;0,1385;0,0974;-0,3900;0,425
1,119338;0,1763;0,1194;-0,4598;0,507
1,123478;0,2136;0,1174;-0,5385;0,591
1,128396;0,2459;0,0964;-0,6072;0,662
1,133794;0,2734;0,0663;-0,6567;0,714
1,138323;0,2916;0,0319;-0,7159;0,774
1,143952;0,2864;0,0218;-0,7326;0,787
1,148471;0,2723;0,0120;-0,7263;0,776
1,157275;0,2352;0,0073;-0,7164;0,754
1,158732;0,1941;-0,0065;-0,6837;0,711
1,163693;0,1679;-0,0056;-0,6095;0,632
1,169012;0,1137;-0,0140;-0,5131;0,526
1,176874;0,0839;-0,0079;-0,4419;0,450
1,180260;0,0734;-0,0254;-0,3670;0,375
1,186561;0,1009;-0,0427;-0,2930;0,313
1,191515;0,1235;-0,0456;-0,2292;0,264
1,194155;0,1458;-0,0390;-0,2086;0,257
1,199110;0,1395;-0,0420;-0,1972;0,245
1,203924;0,1427;-0,0309;-0,1903;0,240
1,208938;0,1461;-0,0011;-0,2017;0,249
1,213936;0,1640;0,0283;-0,2126;0,270
1,218860;0,1725;0,0526;-0,2465;0,305
1,224088;0,2002;0,0812;-0,2988;0,369
1,229562;0,2187;0,1048;-0,3501;0,426
1,234035;0,2326;0,1281;-0,3961;0,477
1,244363;0,2088;0,1512;-0,4319;0,503
1,244921;0,1809;0,1883;-0,4578;0,527
1,250475;0,1679;0,2250;-0,4929;0,567
1,254370;0,1747;0,2710;-0,5418;0,630
1,259279;0,1724;0,2881;-0,5573;0,651
1,264362;0,1468;0,2813;-0,5632;0,646
1,269790;0,1029;0,2842;-0,5740;0,649
1,274897;0,0692;0,3204;-0,5517;0,642
1,279505;0,0264;0,3611;-0,5439;0,653
1,286426;-0,0207;0,4205;-0,5602;0,701
1,289818;-0,0721;0,4699;-0,5290;0,711
1,294631;-0,1091;0,4763;-0,4698;0,678
1,299526;-0,1558;0,4731;-0,4160;0,649
1,304846;-0,2361;0,4843;-0,3865;0,663
1,309694;-0,2976;0,4762;-0,3286;0,651
1,314649;-0,3169;0,4967;-0,2662;0,646
1,324508;-0,3228;0,5215;-0,1992;0,645
1,325051;-0,2870;0,5698;-0,1465;0,655
1,330924;-0,2003;0,6032;-0,1129;0,646
1,335502;-0,0773;0,6268;-0,1409;0,647
1,340354;0,0534;0,6358;-0,1590;0,658
1,350799;0,1732;0,6257;-0,1910;0,677
1,351311;0,2731;0,6061;-0,1990;0,694
1,357384;0,3584;0,5963;-0,2260;0,731
1,360237;0,3867;0,5676;-0,2244;0,723
1,367580;0,3825;0,5393;-0,2277;0,699
1,370167;0,3556;0,5397;-0,2406;0,690
1,375784;0,3300;0,5448;-0,2343;0,679
1,380292;0,2772;0,5595;-0,2042;0,657
1,386911;0,2353;0,5597;-0,1931;0,637
1,390976;0,1851;0,5456;-0,1724;0,601
1,397572;0,1216;0,5695;-0,1609;0,604
1,400651;0,0544;0,5788;-0,1919;0,612
1,405877;-0,0024;0,5786;-0,2365;0,625
1,410274;-0,0301;0,5924;-0,2662;0,650
1,415882;-0,0432;0,5966;-0,3001;0,669
1,420318;-0,0372;0,6245;-0,3383;0,711
1,425465;-0,0027;0,6568;-0,3951;0,767
1,430581;0,0174;0,6794;-0,4420;0,811
1,435731;-0,0054;0,6688;-0,5032;0,837
1,443780;-0,0186;0,6820;-0,5216;0,859
1,445851;-0,0461;0,7144;-0,5167;0,883
1,450918;-0,0594;0,7370;-0,4980;0,892
1,455969;-0,0539;0,7691;-0,4610;0,898
1,461357;-0,0629;0,7726;-0,4247;0,884
1,465764;-0,0866;0,7524;-0,3939;0,854
1,470858;-0,0963;0,7230;-0,3446;0,807
1,475795;-0,0731;0,6796;-0,3057;0,749
1,480905;-0,0222;0,6462;-0,2294;0,686
1,486582;0,0706;0,6131;-0,1207;0,629
1,491090;0,1149;0,5898;0,0012;0,601
1,497774;0,1349;0,6094;0,1031;0,633
1,501070;0,1309;0,6525;0,2139;0,699
1,506960;0,1411;0,6477;0,3098;0,732
1,511196;0,1985;0,6476;0,3010;0,741
1,516398;0,2222;0,6282;0,2785;0,722
1,521252;0,2029;0,5804;0,2760;0,674
1,526494;0,1696;0,5564;0,2602;0,637
1,531403;0,1318;0,5609;0,2549;0,630
1,536533;0,0800;0,5555;0,2507;0,615
1,544658;0,0332;0,5498;0,2667;0,612
1,546921;-0,0182;0,5344;0,3169;0,622
1,556606;-0,0649;0,5187;0,3442;0,626
1,557331;-0,0881;0,4790;0,3442;0,596
1,561753;-0,1355;0,4202;0,3172;0,544
1,566677;-0,1691;0,3710;0,2968;0,504
1,571799;-0,1938;0,3360;0,2352;0,454
1,576590;-0,2144;0,3293;0,2136;0,447
1,581847;-0,1928;0,3176;0,1981;0,421
1,587006;-0,1580;0,3105;0,1457;0,378
1,591909;-0,1050;0,2985;0,0470;0,320
1,598436;-0,0483;0,2961;-0,0647;0,307
1,602090;0,0123;0,2650;-0,1752;0,318
1,609592;0,0581;0,2771;-0,2990;0,412
1,612439;0,0656;0,2701;-0,4029;0,489
1,617532;0,0686;0,2633;-0,4588;0,533
1,622016;0,0342;0,2710;-0,4389;0,517
1,627439;-0,0137;0,2932;-0,3536;0,460
1,632136;-0,0845;0,3060;-0,2415;0,399
1,637394;-0,1640;0,3143;-0,1314;0,378
1,645008;-0,2571;0,3038;-0,0707;0,404
1,647436;-0,2877;0,2936;-0,0019;0,411
1,656987;-0,2661;0,2361;0,0467;0,359
1,657544;-0,2450;0,1650;0,0517;0,300
1,662279;-0,2004;0,0757;0,0514;0,220
1,667856;-0,1658;-0,0128;0,0365;0,170
1,672449;-0,1360;-0,0862;0,0164;0,162
1,677507;-0,1157;-0,1113;0,0149;0,161
1,682467;-0,1144;-0,1314;-0,0204;0,175
1,687578;-0,1175;-0,1225;-0,0466;0,176
1,692595;-0,1441;-0,1042;-0,0968;0,202
1,698591;-0,1702;-0,1095;-0,1709;0,265
1,702994;-0,2053;-0,1289;-0,2023;0,316
1,709470;-0,2398;-0,1337;-0,2246;0,355
1,713338;-0,3165;-0,1525;-0,2145;0,412
1,717789;-0,3975;-0,1756;-0,1962;0,477
1,722924;-0,4684;-0,1982;-0,1554;0,532
1,728269;-0,5201;-0,2014;-0,0974;0,566
1,732933;-0,5388;-0,2041;-0,0366;0,577
1,738350;-0,5108;-0,2255;0,0031;0,558
1,745755;-0,4603;-0,2701;0,0979;0,543
1,748518;-0,3876;-0,3330;0,1902;0,545
1,756166;-0,3072;-0,4091;0,2847;0,586
1,758227;-0,1951;-0,4843;0,4006;0,658
1,763405;-0,0894;-0,5537;0,5235;0,767
1,768934;0,0055;-0,6317;0,6536;0,909
1,773466;0,0707;-0,7135;0,7627;1,047
1,778434;0,1305;-0,8134;0,8703;1,198
1,783889;0,1899;-0,8981;0,9860;1,347
1,788712;0,2299;-1,0058;1,0486;1,471
1,793713;0,2416;-1,1079;1,0968;1,578
1,799367;0,2301;-1,1665;1,1500;1,654
1,803677;0,2241;-1,2012;1,1944;1,709
1,810367;0,2236;-1,2549;1,2211;1,765
1,814275;0,2288;-1,3039;1,2115;1,794
1,818575;0,2253;-1,3577;1,1709;1,807
1,824033;0,2182;-1,3595;1,1233;1,777
1,829281;0,2027;-1,3476;1,0832;1,741
1,834235;0,1741;-1,3174;1,0170;1,673
1,839122;0,1087;-1,2831;0,9390;1,594
1,846208;0,0447;-1,2733;0,8633;1,539
1,849460;-0,0564;-1,2443;0,7854;1,473
1,855580;-0,1425;-1,2108;0,7182;1,415
1,859134;-0,2139;-1,1488;0,6564;1,340
1,866853;-0,2755;-1,0869;0,6044;1,274
1,869533;-0,2939;-1,0346;0,5571;1,211
1,873943;-0,3028;-0,9966;0,5190;1,164
1,879286;-0,2830;-0,9536;0,4803;1,105
1,885237;-0,2536;-0,9392;0,4646;1,078
1,889396;-0,2098;-0,9197;0,4431;1,042
1,894796;-0,1848;-0,9334;0,4301;1,044
1,899506;-0,1643;-0,9660;0,3970;1,057
1,904611;-0,1672;-0,9695;0,4108;1,066
1,910806;-0,1936;-0,9537;0,4335;1,065
1,914613;-0,2288;-0,9235;0,4746;1,063
1,922292;-0,2587;-0,8787;0,5055;1,046
1,924611;-0,2784;-0,8530;0,5216;1,038
1,929536;-0,2833;-0,8511;0,4942;1,024
1,934567;-0,2732;-0,8491;0,4379;0,994
1,940272;-0,2483;-0,8184;0,3864;0,938
1,946663;-0,2420;-0,7782;0,3396;0,883
1,950316;-0,2639;-0,7523;0,2928;0,849
1,955900;-0,2948;-0,7119;0,2648;0,815
1,960010;-0,3254;-0,6332;0,2603;0,758
1,966768;-0,3364;-0,5353;0,2645;0,685
1,970204;-0,3282;-0,4802;0,2630;0,638
1,977247;-0,3152;-0,4918;0,2603;0,640
1,980330;-0,2878;-0,5270;0,2611;0,655
1,985339;-0,2508;-0,5617;0,2941;0,682
1,990595;-0,2235;-0,6103;0,3498;0,738
1,995118;-0,1962;-0,6730;0,4043;0,809
2,000435;-0,1688;-0,7209;0,4580;0,871
2,005507;-0,1557;-0,7543;0,5063;0,922
2,010706;-0,1139;-0,7588;0,5545;0,947
2,015448;-0,0767;-0,7538;0,5739;0,951
2,022027;-0,0394;-0,7489;0,5603;0,936
2,025041;-0,0211;-0,7777;0,4902;0,920
2,030109;-0,0359;-0,8020;0,3974;0,896
2,035644;-0,0790;-0,8075;0,3015;0,866
2,040861;-0,1360;-0,7704;0,2406;0,818
2,046257;-0,1686;-0,7097;0,1763;0,750
2,050500;-0,2248;-0,6590;0,0988;0,703
2,055900;-0,2885;-0,5996;0,0173;0,666
2,060675;-0,3424;-0,5503;-0,0961;0,655
2,066290;-0,3676;-0,5205;-0,1985;0,667
2,071152;-0,3883;-0,4912;-0,3376;0,711
2,075452;-0,4138;-0,4621;-0,4658;0,776
2,081013;-0,4632;-0,4286;-0,5217;0,819
2,085899;-0,5125;-0,3953;-0,5109;0,825
2,090831;-0,5620;-0,3430;-0,4818;0,816
2,096401;-0,6071;-0,2720;-0,4158;0,785
2,100957;-0,6481;-0,2346;-0,3513;0,774
2,106341;-0,6663;-0,1926;-0,2834;0,749
2,111060;-0,6761;-0,1697;-0,2168;0,730
2,116411;-0,6587;-0,1754;-0,1514;0,698
2,122405;-0,6048;-0,1999;-0,0679;0,641
2,126049;-0,5432;-0,2290;0,0053;0,590
2,133419;-0,4595;-0,2437;0,0636;0,524
2,136389;-0,3726;-0,2536;0,1263;0,468
2,141199;-0,2873;-0,2493;0,1650;0,415
2,147110;-0,2032;-0,2119;0,1896;0,349
2,151917;-0,1439;-0,1750;0,2051;0,306
2,156146;-0,1089;-0,1434;0,1974;0,267
2,161437;-0,0692;-0,1266;0,1906;0,239
2,167042;-0,0484;-0,1054;0,1942;0,226
2,171930;-0,0558;-0,1083;0,1702;0,209
2,178160;-0,0861;-0,0830;0,1283;0,175
2,181766;-0,1393;-0,0439;0,0972;0,175
2,189206;-0,1914;0,0135;0,0673;0,203
2,191704;-0,2518;0,0845;0,0338;0,268
2,196883;-0,3017;0,1405;-0,0271;0,334
2,201775;-0,3793;0,1673;-0,0869;0,424
2,207056;-0,4322;0,1843;-0,1459;0,492
2,212034;-0,4656;0,2250;-0,2234;0,563
2,217386;-0,4892;0,2796;-0,2815;0,630
2,222832;-0,4890;0,3339;-0,2826;0,656
2,227742;-0,5032;0,3832;-0,2893;0,696
2,234720;-0,4938;0,4277;-0,2827;0,712
2,238063;-0,4753;0,4627;-0,2869;0,723
2,242339;-0,4477;0,4741;-0,2641;0,704
2,248640;-0,3922;0,5144;-0,2335;0,688
2,253115;-0,3183;0,5405;-0,1715;0,650
2,259055;-0,2595;0,5765;-0,1021;0,640
2,262541;-0,1964;0,5699;-0,0064;0,603
2,267975;-0,1576;0,5448;0,1108;0,578
2,273077;-0,1002;0,5108;0,2544;0,579
2,281145;-0,0668;0,4822;0,4007;0,630
2,282597;-0,0431;0,4349;0,5171;0,677
2,291313;-0,0287;0,3879;0,5993;0,715
2,292364;-0,0332;0,3555;0,6578;0,748
2,297301;-0,0421;0,3136;0,6930;0,762
2,302296;-0,0600;0,2858;0,7102;0,768
2,307538;-0,0871;0,2721;0,6956;0,752
2,312430;-0,1091;0,2817;0,6495;0,716
2,317602;-0,1355;0,3002;0,5960;0,681
2,323488;-0,1475;0,3084;0,5257;0,627
2,327664;-0,1595;0,2971;0,4244;0,542
2,334907;-0,1859;0,2948;0,3255;0,477
2,341713;-0,1934;0,2921;0,2571;0,435
2,347723;-0,2012;0,3128;0,1856;0,416
2,348322;-0,1950;0,3235;0,1250;0,398
2,353061;-0,1987;0,3340;0,0605;0,393
2,363803;-0,2026;0,3206;-0,0174;0,380
2,369803;-0,2257;0,3025;-0,0851;0,387
2,370416;-0,2775;0,2987;-0,0951;0,419
2,373659;-0,3482;0,3186;-0,0810;0,479
2,379718;-0,3951;0,3762;-0,0809;0,552
2,384162;-0,4089;0,4188;-0,0800;0,591
2,391642;-0,3947;0,4464;-0,1351;0,611
2,395600;-0,3765;0,4590;-0,2075;0,629
2,397963;-0,3447;0,4617;-0,2732;0,638
2,403244;-0,2898;0,4734;-0,3229;0,642
2,408216;-0,2405;0,5464;-0,3618;0,698
2,413305;-0,2059;0,6092;-0,4141;0,765
2,418545;-0,1765;0,6858;-0,4660;0,848
2,423938;-0,1332;0,7667;-0,4849;0,917
2,428274;-0,0996;0,8046;-0,4621;0,933
2,433664;-0,0994;0,8095;-0,4130;0,914
2,438641;-0,0942;0,7725;-0,3478;0,852
2,446056;-0,0745;0,7178;-0,2575;0,766
2,448314;-0,0500;0,6408;-0,1476;0,659
2,455753;-0,0067;0,5227;0,0198;0,523
2,458443;0,0505;0,3972;0,2299;0,462
2,463497;0,1119;0,2547;0,4590;0,537
2,468383;0,1680;0,1189;0,6839;0,714
2,473675;0,2328;0,0275;0,9097;0,939
2,478486;0,3113;-0,0626;1,1563;1,199
2,483456;0,3651;-0,1661;1,3671;1,425
2,488431;0,4136;-0,2593;1,5100;1,587
2,493657;0,4663;-0,3139;1,6289;1,723
2,500938;0,5284;-0,3306;1,7197;1,829
2,504528;0,5619;-0,3477;1,7739;1,893
2,509180;0,5719;-0,3939;1,7590;1,891
2,514123;0,5828;-0,4502;1,7186;1,870
2,520114;0,5796;-0,5059;1,6696;1,838
2,524484;0,5441;-0,5911;1,5855;1,777
2,529278;0,4859;-0,6342;1,4518;1,657
2,534867;0,4194;-0,6494;1,3305;1,539
2,539308;0,3399;-0,6508;1,2354;1,437
2,548048;0,2567;-0,6194;1,1660;1,345
2,549178;0,1934;-0,5883;1,0691;1,236
2,561657;0,1357;-0,5909;0,9826;1,155
2,562274;0,1071;-0,6079;0,8773;1,073
2,564672;0,0934;-0,6393;0,7721;1,007
2,571316;0,0705;-0,6944;0,6717;0,969
2,574989;0,0337;-0,7301;0,5757;0,930
2,580146;-0,0121;-0,7416;0,5223;0,907
2,584586;-0,0864;-0,7194;0,5065;0,884
2,590981;-0,1367;-0,6920;0,4849;0,856
2,594854;-0,1919;-0,6691;0,4525;0,830
2,602193;-0,2138;-0,6888;0,4572;0,854
2,605138;-0,2025;-0,7033;0,4893;0,880
2,615010;-0,1725;-0,7221;0,5630;0,932
2,615614;-0,1142;-0,7692;0,5972;0,980
2,619913;-0,0467;-0,8207;0,6159;1,027
2,625646;0,0012;-0,8575;0,6433;1,072
2,629986;0,0777;-0,8941;0,6794;1,126
2,636025;0,1206;-0,9064;0,6864;1,143
2,640492;0,1636;-0,9091;0,6881;1,152
2,648638;0,2022;-0,9212;0,6750;1,160
2,650901;0,2363;-0,9235;0,6618;1,160
2,665590;0,2518;-0,9115;0,6101;1,125
2,666222;0,2583;-0,8993;0,5486;1,085
2,666574;0,2510;-0,8966;0,5015;1,058
2,672137;0,2348;-0,8891;0,4447;1,021
2,675449;0,1952;-0,8623;0,3926;0,967
2,681252;0,1706;-0,8306;0,3450;0,915
2,685395;0,1321;-0,8132;0,3066;0,879
2,691811;0,0749;-0,8099;0,2917;0,864
2,696219;0,0036;-0,8352;0,2668;0,877
2,703648;-0,0581;-0,8459;0,2655;0,888
2,705938;-0,1151;-0,8660;0,2638;0,913
2,714597;-0,1726;-0,8765;0,2620;0,931
2,715603;-0,2211;-0,8679;0,2648;0,934
2,720505;-0,2706;-0,8642;0,2964;0,953
2,725746;-0,2829;-0,8510;0,3328;0,957
2,730729;-0,2727;-0,8283;0,3502;0,940
2,737119;-0,2495;-0,8154;0,3582;0,925
2,740718;-0,2087;-0,8027;0,3664;0,907
2,748785;-0,1503;-0,7807;0,3511;0,869
2,751348;-0,0838;-0,7685;0,3504;0,849
2,763533;0,0100;-0,7661;0,3454;0,840
2,764133;0,0928;-0,7543;0,3074;0,820
2,770935;0,1985;-0,7332;0,2555;0,801
2,771544;0,2984;-0,7220;0,2088;0,809
2,776222;0,3928;-0,6869;0,1913;0,814
2,782602;0,4867;-0,6425;0,1932;0,829
2,786699;0,5470;-0,6365;0,2002;0,863
2,792355;0,5977;-0,6115;0,1740;0,873
2,796345;0,6248;-0,6008;0,1527;0,880
2,803498;0,6620;-0,5998;0,1220;0,902
2,807905;0,7046;-0,5891;0,0819;0,922
2,814827;0,7434;-0,5928;0,0705;0,953
2,816440;0,7495;-0,6107;0,0686;0,969
2,826068;0,7376;-0,5950;0,0378;0,948
2,827430;0,6837;-0,6030;0,0356;0,912
2,832221;0,6261;-0,6110;0,0475;0,876
2,837165;0,5742;-0,6140;0,0545;0,842
2,842432;0,5087;-0,6074;0,0662;0,795
2,849319;0,4678;-0,6056;0,0683;0,768
2,851909;0,4273;-0,6038;0,0420;0,741
2,863882;0,3776;-0,5782;0,0063;0,691
2,864592;0,3233;-0,5574;-0,0386;0,646
2,870248;0,2834;-0,5128;-0,0642;0,589
2,872575;0,2816;-0,4397;-0,0847;0,529
2,885485;0,2747;-0,3763;-0,1147;0,480
2,886065;0,2483;-0,3369;-0,1591;0,448
2,887342;0,2359;-0,3262;-0,1892;0,445
2,892148;0,2231;-0,3202;-0,2196;0,448
2,896964;0,2147;-0,3093;-0,2504;0,452
2,902010;0,2156;-0,3030;-0,2481;0,447
2,907523;0,2242;-0,2993;-0,2256;0,437
2,913446;0,2467;-0,3049;-0,1990;0,440
2,917267;0,2688;-0,3008;-0,1446;0,429
2,923398;0,3000;-0,2919;-0,0958;0,429
2,926994;0,3354;-0,2782;-0,0524;0,439
2,932466;0,3798;-0,2599;-0,0094;0,460
2,937341;0,3905;-0,2371;0,0097;0,457
2,942927;0,4011;-0,2240;0,0527;0,462
2,949270;0,4305;-0,2065;0,0958;0,487
2,952591;0,4502;-0,1941;0,1295;0,507
2,965519;0,4555;-0,1962;0,1304;0,513
2,966160;0,4752;-0,1986;0,1224;0,529
2,971768;0,4807;-0,1917;0,1011;0,527
2,972431;0,5007;-0,1757;0,0571;0,534
2,980246;0,5113;-0,1886;0,0427;0,547
2,982136;0,5174;-0,1826;-0,0277;0,549
2,987268;0,5286;-0,1817;-0,1015;0,568
2,993269;0,5021;-0,1667;-0,1695;0,556
2,998272;0,4810;-0,1092;-0,2318;0,545
3,004201;0,4368;-0,0523;-0,2982;0,531
3,008064;0,3839;-0,0290;-0,3497;0,520
3,016385;0,3601;-0,0059;-0,3960;0,535
3,018693;0,3224;0,0028;-0,4326;0,540
3,026085;0,2899;0,0211;-0,4502;0,536
3,028115;0,2671;0,0061;-0,4727;0,543
3,033049;0,2255;-0,0087;-0,4859;0,536
3,038232;0,1793;-0,0184;-0,5137;0,544
3,042714;0,1236;-0,0327;-0,5084;0,524
3,049687;0,0919;-0,0136;-0,4987;0,507
3,052829;0,0742;0,0103;-0,4751;0,481
3,063909;0,0655;0,0339;-0,4472;0,453
3,064624;0,0705;0,0337;-0,4435;0,450
3,070922;0,0987;0,0762;-0,4447;0,462
3,073118;0,1403;0,0994;-0,4413;0,474
3,081312;0,1764;0,1272;-0,4428;0,493
3,083436;0,2073;0,1406;-0,4445;0,510
3,088138;0,2378;0,1444;-0,4513;0,530
3,093360;0,2585;0,1484;-0,4346;0,527
3,098866;0,2743;0,1335;-0,4424;0,537
3,104126;0,2664;0,1142;-0,4030;0,496
3,108494;0,2728;0,1284;-0,3740;0,480
3,115118;0,2555;0,1427;-0,3409;0,449
3,119875;0,2621;0,1665;-0,3084;0,438
3,126463;0,2593;0,1617;-0,2720;0,409
3,128674;0,2659;0,1619;-0,2219;0,382
3,137346;0,2580;0,1812;-0,1727;0,359
3,139228;0,2548;0,1909;-0,1526;0,353
3,143497;0,2655;0,2053;-0,1470;0,366
3,149854;0,2856;0,2434;-0,1559;0,406
3,153738;0,2958;0,2480;-0,1505;0,414
3,164576;0,3012;0,2572;-0,1214;0,414
3,165262;0,3065;0,2901;-0,0735;0,428
3,170914;0,3117;0,3228;-0,0403;0,450
3,175062;0,3359;0,3551;-0,0120;0,489
3,181936;0,3457;0,3683;-0,0031;0,505
3,184618;0,3271;0,3529;0,0483;0,484
3,193118;0,3038;0,3519;0,1182;0,480
3,194638;0,2473;0,3652;0,1732;0,474
3,199380;0,2196;0,3688;0,2469;0,495
3,205370;0,2011;0,3580;0,3392;0,533
3,209522;0,1727;0,3472;0,4406;0,587
3,216583;0,1723;0,3457;0,5654;0,685
3,219898;0,1899;0,3345;0,6567;0,761
3,227178;0,2112;0,2992;0,7292;0,816
3,229410;0,2362;0,2352;0,7691;0,838
3,237206;0,2604;0,1996;0,7581;0,826
3,240030;0,2746;0,1731;0,6683;0,743
3,249639;0,2747;0,1556;0,5578;0,641
3,250228;0,2424;0,1610;0,3985;0,493
3,254967;0,1638;0,1466;0,2193;0,310
3,262239;0,0584;0,1790;0,0532;0,196
3,264430;-0,0499;0,2771;-0,0671;0,289
3,269961;-0,1850;0,4453;-0,1426;0,503
3,275376;-0,2808;0,6310;-0,1649;0,710
3,280422;-0,4140;0,8343;-0,1874;0,950
3,285301;-0,5420;1,0125;-0,1728;1,161
3,291786;-0,6747;1,1613;-0,1030;1,347
3,295298;-0,7603;1,2669;-0,0122;1,478
3,299978;-0,7994;1,2966;0,0940;1,526
3,304988;-0,7500;1,2652;0,2105;1,486
3,310001;-0,6176;1,1356;0,3511;1,339
3,314756;-0,4361;0,9036;0,5488;1,144
3,319841;-0,2104;0,6082;0,7180;0,964
3,324786;-0,0022;0,2829;0,8641;0,909
3,330547;0,2179;0,0038;0,9831;1,007
3,335428;0,3935;-0,2249;1,0762;1,168
3,342189;0,5400;-0,4040;1,1251;1,312
3,350078;0,6343;-0,5245;1,1688;1,430
3,350679;0,7014;-0,6393;1,1892;1,521
3,357569;0,7324;-0,7583;1,1773;1,580
3,365161;0,7281;-0,8577;1,1101;1,581
3,365968;0,6795;-0,9189;1,0501;1,552
3,371966;0,5539;-0,9566;0,9546;1,461
3,375824;0,3708;-0,9329;0,8432;1,311
3,381983;0,1682;-0,8390;0,7064;1,110
3,386797;-0,0305;-0,7181;0,5824;0,925
3,392780;-0,2166;-0,6132;0,4519;0,792
3,395618;-0,3907;-0,5192;0,3573;0,742
3,403102;-0,5059;-0,4596;0,2741;0,736
3,405444;-0,6203;-0,3817;0,1778;0,750
3,410364;-0,7056;-0,3044;0,0823;0,773
3,416186;-0,7864;-0,2513;-0,0274;0,826
3,420682;-0,8582;-0,2219;-0,1231;0,895
3,425586;-0,9070;-0,1922;-0,1389;0,938
3,431558;-0,9097;-0,1810;-0,1281;0,936
3,438651;-0,9047;-0,1929;-0,0816;0,929
3,442260;-0,8699;-0,2101;0,0480;0,896
3,454881;-0,8132;-0,2504;0,1749;0,869
3,455567;-0,7009;-0,3186;0,3189;0,833
3,455926;-0,5761;-0,3861;0,4561;0,830
3,462079;-0,4479;-0,4867;0,6018;0,894
3,466016;-0,3112;-0,5774;0,7277;0,980
3,471236;-0,1943;-0,6633;0,8346;1,084
3,476482;-0,0969;-0,7208;0,9185;1,172
3,482583;-0,0329;-0,7405;0,9943;1,240
3,486222;-0,0213;-0,7753;1,0480;1,304
3,492468;-0,0233;-0,8157;1,0180;1,305
3,496432;-0,0437;-0,8331;0,9618;1,273
3,504445;-0,0871;-0,8515;0,8798;1,227
3,506080;-0,1918;-0,8614;0,7624;1,166
3,511041;-0,2908;-0,8340;0,6572;1,101
3,516888;-0,3746;-0,7883;0,5543;1,034
3,521786;-0,4341;-0,7433;0,4294;0,962
3,526991;-0,4838;-0,7132;0,2869;0,908
3,531528;-0,5095;-0,6690;0,1406;0,853
3,537410;-0,4971;-0,6251;-0,0197;0,799
3,542367;-0,4897;-0,5955;-0,1751;0,791
3,550560;-0,4777;-0,5847;-0,3166;0,819
3,551389;-0,4563;-0,5640;-0,4255;0,841
3,566931;-0,4205;-0,5381;-0,5164;0,856
3,567551;-0,3801;-0,5163;-0,5754;0,861
3,567900;-0,3442;-0,5226;-0,5978;0,865
3,572936;-0,3272;-0,5473;-0,6029;0,878
3,577021;-0,3097;-0,5617;-0,5956;0,875
3,582657;-0,2867;-0,5945;-0,5518;0,860
3,587077;-0,2774;-0,5979;-0,4956;0,825
3,592878;-0,2770;-0,5862;-0,3934;0,758
3,597442;-0,2998;-0,5787;-0,2834;0,711
3,603638;-0,3219;-0,5801;-0,1752;0,686
3,607123;-0,3387;-0,5811;-0,0636;0,676
3,616191;-0,3645;-0,5863;0,0706;0,694
3,616891;-0,3612;-0,5864;0,2182;0,722
3,622017;-0,3386;-0,6246;0,3220;0,780
3,626986;-0,3158;-0,6530;0,3967;0,827
3,632009;-0,2689;-0,7101;0,4521;0,884
3,638566;-0,2218;-0,7432;0,4981;0,922
3,642336;-0,1600;-0,7573;0,5396;0,944
3,651949;-0,0931;-0,7620;0,5771;0,960
3,652531;-0,0497;-0,7719;0,6155;0,988
3,659057;-0,0012;-0,7727;0,6313;0,998
3,662349;0,0190;-0,7741;0,6248;0,995
3,667588;0,0254;-0,7859;0,5678;0,970
3,672434;0,0180;-0,8033;0,4700;0,931
3,677614;-0,0080;-0,7976;0,3508;0,871
3,682594;-0,0622;-0,7784;0,2100;0,809
3,687545;-0,1157;-0,7456;0,0425;0,756
3,692566;-0,1927;-0,6991;-0,1184;0,735
3,697453;-0,2645;-0,6530;-0,2686;0,754
3,703136;-0,3266;-0,6072;-0,3701;0,783
3,707836;-0,3695;-0,5854;-0,4618;0,832
3,714561;-0,4220;-0,5396;-0,5248;0,863
3,717803;-0,4746;-0,4842;-0,5594;0,879
3,722768;-0,5228;-0,4429;-0,5659;0,889
3,727624;-0,5618;-0,4015;-0,5684;0,894
3,733592;-0,5918;-0,3884;-0,5478;0,895
3,737976;-0,6271;-0,3559;-0,5185;0,888
3,743854;-0,6393;-0,3424;-0,5044;0,883
3,749856;-0,6428;-0,3190;-0,4672;0,856
3,753161;-0,6426;-0,2810;-0,4068;0,811
3,758562;-0,6053;-0,2525;-0,3472;0,742
3,763542;-0,5358;-0,2431;-0,3071;0,664
3,770058;-0,4292;-0,2240;-0,2961;0,568
3,773874;-0,3189;-0,2337;-0,3140;0,505
3,778773;-0,2284;-0,2289;-0,3128;0,450
3,784202;-0,1383;-0,2193;-0,2927;0,391
3,788800;-0,0533;-0,2145;-0,2776;0,355
3,794504;-0,0112;-0,2048;-0,2577;0,329
3,798462;0,0122;-0,2191;-0,2379;0,324
3,805571;0,0217;-0,2459;-0,2070;0,322
3,809097;0,0271;-0,2773;-0,1905;0,337
3,814274;-0,0047;-0,3085;-0,1785;0,356
3,818599;-0,0355;-0,3395;-0,1663;0,380
3,823706;-0,0936;-0,3229;-0,1727;0,378
3,829531;-0,1648;-0,2971;-0,1881;0,388
3,833609;-0,2350;-0,2622;-0,1887;0,399
3,838933;-0,2948;-0,1992;-0,1888;0,403
3,845372;-0,3445;-0,1701;-0,2027;0,434
3,851503;-0,3988;-0,1604;-0,2589;0,502
3,853962;-0,4245;-0,1367;-0,2859;0,530
3,859195;-0,4410;-0,1180;-0,3362;0,567
3,864125;-0,4579;-0,0900;-0,3859;0,606
3,870938;-0,4753;-0,0765;-0,4638;0,668
3,873962;-0,4789;-0,0678;-0,5126;0,705
3,878875;-0,4830;-0,0592;-0,5424;0,729
3,884293;-0,4732;-0,0267;-0,5107;0,697
3,889077;-0,4736;-0,0038;-0,4798;0,674
3,893993;-0,4555;0,0334;-0,4259;0,624
3,899170;-0,4143;0,0419;-0,3824;0,565
3,904404;-0,3690;0,0551;-0,3445;0,508
3,909763;-0,3338;0,0541;-0,3023;0,454
3,914677;-0,2894;0,0484;-0,2842;0,409
3,919325;-0,2643;0,0902;-0,2901;0,403
3,925781;-0,2439;0,1222;-0,2721;0,385
3,929913;-0,2283;0,1775;-0,2683;0,395
3,934279;-0,2315;0,2561;-0,2596;0,432
3,939259;-0,2344;0,3103;-0,2509;0,463
3,944892;-0,2515;0,3592;-0,2516;0,506
3,950107;-0,2779;0,4125;-0,2522;0,558
3,954747;-0,3087;0,4558;-0,2481;0,604
3,959701;-0,3489;0,4703;-0,2773;0,648
3,964562;-0,3603;0,4799;-0,2873;0,665
3,970419;-0,3717;0,4942;-0,3258;0,699
3,974906;-0,3737;0,4990;-0,3450;0,712
3,983384;-0,3616;0,5322;-0,3501;0,733
3,985327;-0,3500;0,5795;-0,3223;0,750
3,989982;-0,3340;0,6123;-0,2855;0,754
3,995420;-0,3186;0,6402;-0,2494;0,757
4,000396;-0,3086;0,6347;-0,2331;0,743
4,007780;-0,2943;0,6389;-0,1888;0,728
4,010030;-0,2950;0,6289;-0,1358;0,708
4,018589;-0,2627;0,6097;-0,0552;0,666
4,020166;-0,2263;0,6001;0,0388;0,643
4,030109;-0,2048;0,5859;0,1034;0,629
4,030776;-0,1553;0,5433;0,1866;0,595
4,039709;-0,1065;0,5199;0,2599;0,591
4,040256;-0,0393;0,4823;0,3331;0,587
4,046003;0,0366;0,4542;0,3970;0,604
4,051539;0,1165;0,4259;0,4138;0,605
4,055566;0,1721;0,4023;0,4364;0,618
4,068221;0,2273;0,3689;0,4269;0,608
4,068866;0,2680;0,3637;0,3857;0,594
4,075139;0,2709;0,3724;0,3225;0,562
4,075609;0,2649;0,3947;0,2615;0,543
4,084609;0,2740;0,4067;0,1362;0,509
4,085781;0,2650;0,3991;-0,0338;0,480
4,091072;0,2574;0,3674;-0,2246;0,502
4,095946;0,2655;0,3594;-0,4079;0,605
4,101667;0,2324;0,3751;-0,5747;0,725
4,108975;0,1868;0,4049;-0,6830;0,816
4,111811;0,0717;0,4823;-0,7956;0,933
4,119980;-0,0461;0,5690;-0,8515;1,025
4,121578;-0,1477;0,6319;-0,7995;1,030
4,131252;-0,2526;0,6809;-0,7122;1,017
4,131920;-0,3656;0,6734;-0,5854;0,964
4,136283;-0,4207;0,6242;-0,4675;0,886
4,142272;-0,4139;0,5621;-0,3201;0,768
4,146316;-0,3556;0,4350;-0,1720;0,588
4,153097;-0,2892;0,2765;-0,0371;0,402
4,157712;-0,1959;0,0676;0,1043;0,232
4,171934;-0,1043;-0,1392;0,3050;0,351
4,172588;-0,0381;-0,3251;0,5131;0,609
4,173029;0,0265;-0,4954;0,7243;0,878
4,178896;0,0706;-0,6123;0,8824;1,076
4,185363;0,1041;-0,6862;0,9839;1,204
4,186388;0,1319;-0,7221;1,0391;1,272
4,191369;0,1589;-0,7397;1,0205;1,270
4,197062;0,1713;-0,7392;0,9574;1,222
4,202039;0,1788;-0,7016;0,8407;1,109
4,208946;0,1389;-0,6367;0,6847;0,945
4,211928;0,0996;-0,5350;0,5226;0,755
4,218849;0,0466;-0,4015;0,3825;0,557
4,221981;-0,0056;-0,2836;0,2728;0,394
4,230703;-0,0667;-0,1951;0,1924;0,282
4,232614;-0,1082;-0,1498;0,1498;0,238
4,242054;-0,1210;-0,1374;0,1579;0,242
4,242685;-0,1388;-0,1339;0,2065;0,283
4,253106;-0,1239;-0,1676;0,3137;0,377
4,253723;-0,0721;-0,2286;0,4553;0,515
4,257803;0,0068;-0,3452;0,6215;0,711
4,272082;0,0984;-0,4982;0,8173;0,962
4,272822;0,1788;-0,6635;1,0002;1,213
4,273179;0,2818;-0,8082;1,1425;1,428
4,279023;0,3929;-0,9373;1,2786;1,633
4,286369;0,4935;-1,0180;1,3665;1,774
4,288161;0,5936;-1,0700;1,4124;1,869
4,297679;0,6553;-1,1031;1,4028;1,901
4,298348;0,7318;-1,1321;1,3292;1,893
4,302689;0,7663;-1,0904;1,2209;1,807
4,309813;0,7737;-1,0452;1,0592;1,677
4,313426;0,7645;-0,9748;0,8550;1,505
4,321034;0,7045;-0,8716;0,6582;1,300
4,323276;0,6417;-0,7739;0,4536;1,103
4,331607;0,5615;-0,6717;0,2551;0,912
4,332391;0,4927;-0,5984;0,0573;0,777
4,342749;0,4303;-0,5584;-0,1169;0,715
4,343427;0,3645;-0,5322;-0,2731;0,700
4,353200;0,2808;-0,5292;-0,3783;0,709
4,353813;0,1931;-0,5492;-0,4190;0,717
4,357766;0,1157;-0,5633;-0,4626;0,738
4,371657;0,0388;-0,6097;-0,4661;0,768
4,372285;-0,0380;-0,6598;-0,3915;0,768
4,372646;-0,0956;-0,7136;-0,2961;0,778
4,379337;-0,1536;-0,7902;-0,1702;0,823
4,382798;-0,1929;-0,8610;-0,0326;0,883
4,388128;-0,2234;-0,8881;0,1173;0,923
4,394975;-0,2211;-0,9099;0,2989;0,983
4,398297;-0,2006;-0,9362;0,4508;1,058
4,405350;-0,1572;-0,9479;0,5878;1,126
4,409324;-0,0910;-0,9885;0,7296;1,232
4,413217;-0,0354;-1,0197;0,8480;1,327
4,418314;0,0240;-1,0323;0,9100;1,376
4,423323;0,0874;-1,0262;0,9497;1,401
4,428245;0,1262;-1,0353;0,9147;1,387
4,434572;0,1550;-1,0356;0,8772;1,366
4,440417;0,1882;-1,0367;0,8085;1,328
4,443528;0,2116;-1,0196;0,7086;1,260
4,452175;0,2204;-1,0128;0,6014;1,198
4,453319;0,2386;-0,9779;0,5009;1,124
4,460405;0,2374;-0,9246;0,3925;1,032
4,463616;0,2120;-0,8814;0,3046;0,956
4,469053;0,1959;-0,8386;0,2177;0,888
4,473586;0,1793;-0,7865;0,1556;0,822
4,479133;0,1908;-0,7491;0,0653;0,776
4,483402;0,2066;-0,7166;-0,0344;0,747
4,489189;0,2407;-0,6889;-0,1389;0,743
4,494204;0,2744;-0,6995;-0,2339;0,787
4,498805;0,3027;-0,6956;-0,3245;0,825
4,505338;0,3401;-0,6867;-0,3963;0,863
4,509086;0,3677;-0,6586;-0,4399;0,873
4,513978;0,3951;-0,6254;-0,4602;0,871
4,518776;0,4225;-0,5969;-0,4573;0,862
4,524504;0,4546;-0,5872;-0,4408;0,864
4,529068;0,4963;-0,5821;-0,4584;0,892
4,534534;0,5383;-0,5863;-0,4624;0,920
4,540874;0,5712;-0,5998;-0,4525;0,944
4,544060;0,5711;-0,6130;-0,4576;0,955
4,553292;0,5717;-0,5973;-0,4346;0,934
4,553895;0,5394;-0,5861;-0,4215;0,901
4,561432;0,4981;-0,5557;-0,3946;0,844
4,564683;0,4477;-0,5491;-0,3584;0,794
4,569371;0,3882;-0,5279;-0,3178;0,728
4,574809;0,3721;-0,5115;-0,2966;0,699
4,579526;0,3275;-0,4854;-0,2662;0,643
4,584210;0,3116;-0,4640;-0,2552;0,614
4,589612;0,2957;-0,4425;-0,2351;0,582
4,596066;0,2893;-0,4162;-0,2058;0,547
4,599964;0,2925;-0,3897;-0,1673;0,515
4,606933;0,3052;-0,3918;-0,1245;0,512
4,609802;0,2986;-0,4033;-0,0965;0,511
4,617747;0,2777;-0,4147;-0,0783;0,505
4,620100;0,2595;-0,4184;-0,0550;0,495
4,624672;0,2318;-0,3983;-0,0080;0,461
4,629841;0,1898;-0,3832;0,0151;0,428
4,634919;0,1620;-0,3638;0,0432;0,401
4,640449;0,1388;-0,3589;0,0574;0,389
4,645056;0,1294;-0,3450;0,0627;0,374
4,652916;0,1338;-0,3267;0,0641;0,359
4,655213;0,1517;-0,3138;0,0332;0,350
4,662384;0,1593;-0,2777;-0,0058;0,320
4,674168;0,1662;-0,2519;-0,0768;0,311
4,675265;0,1772;-0,2267;-0,1508;0,325
4,675979;0,1972;-0,2021;-0,2518;0,378
4,681421;0,2310;-0,1779;-0,3418;0,449
4,687515;0,2594;-0,1590;-0,4115;0,512
4,689887;0,2922;-0,1213;-0,4613;0,559
4,694888;0,3246;-0,0744;-0,5012;0,602
4,700051;0,3615;-0,0327;-0,5265;0,639
4,705733;0,4029;-0,0007;-0,5375;0,672
4,710318;0,4394;0,0548;-0,5487;0,705
4,716697;0,4569;0,1005;-0,5837;0,748
4,720104;0,4747;0,1317;-0,6283;0,798
4,725280;0,4454;0,1391;-0,6492;0,800
4,730310;0,4028;0,1419;-0,6514;0,779
4,735353;0,3374;0,1640;-0,6399;0,742
4,741364;0,2824;0,1956;-0,6149;0,704
4,745381;0,2185;0,2415;-0,5717;0,658
4,758219;0,1694;0,2776;-0,5010;0,597
4,758825;0,1347;0,3089;-0,4361;0,551
4,767712;0,1187;0,3210;-0,3816;0,513
4,768354;0,1262;0,3094;-0,3230;0,465
4,777345;0,1426;0,3025;-0,2887;0,442
4,777922;0,1678;0,3003;-0,2403;0,420
4,780885;0,2163;0,3171;-0,2110;0,438
4,786917;0,2595;0,3193;-0,2149;0,464
4,791144;0,3024;0,3357;-0,2422;0,513
4,796429;0,3119;0,3613;-0,2784;0,553
4,800999;0,3027;0,4009;-0,3188;0,595
4,806293;0,2845;0,4211;-0,3350;0,609
4,811089;0,2336;0,4412;-0,3558;0,613
4,816995;0,1837;0,4565;-0,3339;0,595
4,821052;0,1347;0,4861;-0,2793;0,577
4,828096;0,0770;0,5489;-0,2304;0,600
4,831000;0,0390;0,5829;-0,1540;0,604
4,836138;0,0015;0,6168;-0,0836;0,622
4,841193;-0,0169;0,6507;0,0094;0,651
4,846252;-0,0494;0,6512;0,0821;0,658
4,852814;-0,0867;0,6566;0,1680;0,683
4,856154;-0,1194;0,6383;0,2670;0,702
4,870330;-0,1381;0,6582;0,3649;0,765
4,870944;-0,1146;0,6589;0,4572;0,810
4,871309;-0,0779;0,6596;0,5154;0,841
4,876570;-0,0422;0,6506;0,5734;0,868
4,881643;0,0161;0,6274;0,6263;0,887
4,886576;0,0541;0,6042;0,6886;0,918
4,891710;0,1053;0,5857;0,7697;0,973
4,896672;0,1555;0,5578;0,8409;1,021
4,901737;0,2141;0,5442;0,9262;1,095
4,906759;0,2717;0,5257;0,9686;1,135
4,912008;0,3286;0,4785;0,9925;1,150
4,917821;0,3660;0,4123;0,9605;1,107
4,922135;0,4036;0,3413;0,8831;1,029
4,929040;0,3989;0,2843;0,7517;0,897
4,932378;0,3667;0,2553;0,5768;0,730
4,937046;0,2977;0,2730;0,3780;0,553
4,942044;0,2110;0,3370;0,1930;0,442
4,947310;0,0638;0,4189;0,0163;0,424
4,953448;-0,0726;0,5472;-0,0913;0,559
4,957397;-0,2132;0,7075;-0,1976;0,765
4,970768;-0,3534;0,8668;-0,2801;0,977
4,971408;-0,4460;0,9587;-0,3538;1,115
4,977390;-0,4961;1,0127;-0,4150;1,202
4,977982;-0,4993;1,0435;-0,4169;1,230
4,984818;-0,4936;1,0229;-0,3795;1,197
4,987575;-0,4649;0,9421;-0,3034;1,094
4,992545;-0,4133;0,8110;-0,1750;0,927
4,997861;-0,3626;0,6492;-0,0041;0,744
5,003098;-0,3082;0,4614;0,2188;0,596
5,007783;-0,2642;0,2525;0,3846;0,531
5,012868;-0,2259;0,0556;0,5657;0,612
5,018596;-0,1598;-0,1439;0,7394;0,770
5,022713;-0,0472;-0,3322;0,8924;0,953
5,029860;0,0500;-0,4812;1,0165;1,126
5,032930;0,1512;-0,5914;1,1032;1,261
5,040160;0,2423;-0,6635;1,1582;1,357
5,042989;0,2903;-0,6790;1,2012;1,410
5,047788;0,3005;-0,6383;1,1993;1,391
5,054030;0,3016;-0,5896;1,1624;1,338
5,058262;0,2935;-0,5613;1,0956;1,266
5,072500;0,2668;-0,5580;0,9847;1,163
5,073216;0,2310;-0,5652;0,8868;1,077
5,073580;0,2098;-0,5969;0,7871;1,010
5,078802;0,1605;-0,6384;0,7042;0,964
5,085436;0,1117;-0,6802;0,6093;0,920
5,088084;0,0778;-0,6982;0,5211;0,875
5,095962;0,0877;-0,7119;0,3945;0,819
5,098174;0,1028;-0,7353;0,2494;0,783
5,103416;0,1231;-0,7778;0,0951;0,793
5,108305;0,1441;-0,8059;-0,0543;0,820
5,113894;0,1472;-0,8624;-0,2037;0,898
5,118421;0,1227;-0,8852;-0,3438;0,958
5,123426;0,0375;-0,8934;-0,4174;0,987
5,129169;-0,0607;-0,8821;-0,4820;1,007
5,133557;-0,1864;-0,8466;-0,5137;1,008
5,140360;-0,2872;-0,8061;-0,5175;1,000
5,143435;-0,3779;-0,7701;-0,5316;1,009
5,148840;-0,4685;-0,7386;-0,5274;1,021
5,154414;-0,5305;-0,7212;-0,5242;1,037
5,158884;-0,5689;-0,6938;-0,4838;1,019
5,172331;-0,5933;-0,6660;-0,4544;1,001
5,173003;-0,6135;-0,6521;-0,3930;0,978
5,178665;-0,6008;-0,6758;-0,3238;0,961
5,179291;-0,5601;-0,6990;-0,2613;0,933
5,185275;-0,5105;-0,7550;-0,1767;0,928
5,189027;-0,4521;-0,8294;-0,0938;0,949
5,195978;-0,3654;-0,8985;0,0064;0,970
5,198984;-0,2888;-0,9574;0,1195;1,007
5,204364;-0,2076;-1,0158;0,2218;1,060
5,209462;-0,1407;-1,0787;0,2993;1,128
5,214740;-0,1022;-1,1126;0,3524;1,172
5,219126;-0,0775;-1,1321;0,3719;1,194
5,224100;-0,0422;-1,1230;0,3726;1,184
5,229493;-0,0299;-1,1045;0,3690;1,165
5,234918;-0,0213;-1,0671;0,3280;1,117
5,242915;-0,0211;-1,0060;0,2685;1,041
5,244263;-0,0339;-0,9261;0,2049;0,949
5,260247;-0,0695;-0,8512;0,1563;0,868
5,260902;-0,1182;-0,8004;0,0793;0,813
5,261273;-0,1608;-0,7640;0,0313;0,781
5,266674;-0,1881;-0,7467;-0,0503;0,772
5,269809;-0,2288;-0,7627;-0,1178;0,805
5,274613;-0,2686;-0,7738;-0,1570;0,834
5,279427;-0,3076;-0,7797;-0,1826;0,858
5,284636;-0,3126;-0,8043;-0,1709;0,880
5,289378;-0,3220;-0,7998;-0,1507;0,875
5,296010;-0,3073;-0,8092;-0,1269;0,875
5,299678;-0,3404;-0,8182;-0,0946;0,891
5,307663;-0,3494;-0,8364;-0,0632;0,909
5,309820;-0,3634;-0,8639;-0,0086;0,937
5,315050;-0,3726;-0,9007;0,0553;0,976
5,319987;-0,3677;-0,9519;0,1431;1,030
5,324719;-0,3581;-0,9792;0,2120;1,064
5,330144;-0,3632;-0,9972;0,2338;1,087
5,334959;-0,3636;-1,0156;0,2423;1,106
5,341041;-0,3786;-1,0202;0,2094;1,108
5,346381;-0,4176;-0,9823;0,2162;1,089
5,355079;-0,4664;-0,9260;0,1913;1,054
5,355761;-0,5297;-0,8656;0,1345;1,024
5,361001;-0,5936;-0,8250;0,0745;1,019
5,370287;-0,6436;-0,7516;-0,0222;0,990
5,370944;-0,6993;-0,6787;-0,1272;0,983
5,376905;-0,7320;-0,5873;-0,2166;0,963
5,380202;-0,7322;-0,4819;-0,2814;0,921
5,385381;-0,7098;-0,3864;-0,3313;0,873
5,391277;-0,6838;-0,3198;-0,3717;0,841
5,396404;-0,6352;-0,2866;-0,4270;0,817
5,400616;-0,5638;-0,2771;-0,4685;0,784
5,407259;-0,4981;-0,2625;-0,4823;0,741
5,410447;-0,4283;-0,2379;-0,4589;0,671
5,415577;-0,3540;-0,2081;-0,4178;0,586
5,420376;-0,3277;-0,2113;-0,3446;0,520
5,425504;-0,2919;-0,2283;-0,2584;0,452
5,430404;-0,2606;-0,2544;-0,1592;0,397
5,435376;-0,2339;-0,3039;-0,0754;0,391
5,442731;-0,2449;-0,3484;-0,0020;0,426
5,445665;-0,2841;-0,3687;0,0615;0,470
5,458361;-0,3110;-0,3910;0,1099;0,512
5,459054;-0,3230;-0,3706;0,1964;0,529
5,464654;-0,3299;-0,3553;0,2496;0,545
5,465714;-0,3318;-0,3310;0,2702;0,541
5,470776;-0,3477;-0,3407;0,2444;0,545
5,477248;-0,3635;-0,3556;0,2059;0,549
5,481280;-0,3790;-0,3423;0,1643;0,536
5,485924;-0,3992;-0,3060;0,0863;0,510
5,490962;-0,4334;-0,2751;0,0102;0,513
5,496552;-0,4627;-0,2355;-0,0737;0,524
5,502002;-0,4776;-0,2013;-0,1797;0,549
5,508902;-0,5020;-0,1630;-0,2935;0,604
5,511053;-0,4838;-0,1442;-0,3964;0,642
5,519249;-0,4516;-0,1257;-0,4742;0,667
5,521195;-0,4247;-0,0979;-0,5561;0,707
5,526353;-0,3932;-0,0750;-0,6138;0,733
5,531200;-0,3669;-0,0427;-0,6713;0,766
5,536551;-0,3550;-0,0104;-0,7052;0,790
5,543729;-0,3526;0,0029;-0,7252;0,806
5,546417;-0,3453;0,0258;-0,7172;0,796
5,561600;-0,3426;0,0251;-0,6863;0,767
5,562186;-0,3304;0,0294;-0,6515;0,731
5,562480;-0,3325;0,0007;-0,6272;0,710
5,568565;-0,3440;-0,0371;-0,6083;0,700
5,571635;-0,3554;-0,0412;-0,5756;0,678
5,576670;-0,3570;-0,0546;-0,5244;0,637
5,582042;-0,3681;-0,0633;-0,4830;0,611
5,586605;-0,3980;-0,0767;-0,4512;0,607
5,591660;-0,4231;-0,0665;-0,4572;0,626
5,596719;-0,4196;-0,0565;-0,4579;0,624
5,602057;-0,4354;-0,0326;-0,4960;0,661
5,606952;-0,4561;-0,0234;-0,5333;0,702
5,611890;-0,4627;0,0283;-0,5556;0,724
5,618150;-0,4651;0,0748;-0,5871;0,753
5,621874;-0,4775;0,1303;-0,5852;0,766
5,626955;-0,4667;0,1712;-0,5930;0,774
5,631873;-0,4614;0,2119;-0,5725;0,765
5,637150;-0,4285;0,2570;-0,5290;0,728
5,642508;-0,3778;0,2925;-0,5148;0,702
5,647136;-0,3235;0,2898;-0,4966;0,660
5,658400;-0,2750;0,2921;-0,4648;0,614
5,659026;-0,2227;0,2946;-0,4244;0,563
5,664965;-0,1855;0,3210;-0,3946;0,541
5,667410;-0,1633;0,3380;-0,3371;0,505
5,674576;-0,1321;0,3693;-0,2903;0,488
5,678089;-0,1205;0,4005;-0,2159;0,471
5,682508;-0,0853;0,4363;-0,1235;0,461
5,687525;-0,0601;0,4767;-0,0370;0,482
5,692779;-0,0112;0,5121;0,0583;0,516
5,697723;0,0374;0,5614;0,1813;0,591
5,702804;0,0763;0,5865;0,2608;0,646
5,708609;0,1011;0,6065;0,3258;0,696
5,713598;0,1119;0,6024;0,3909;0,727
5,719658;0,1184;0,6027;0,4517;0,762
5,722854;0,1017;0,6122;0,4845;0,787
5,728042;0,0905;0,6259;0,5087;0,812
5,733230;0,0658;0,6248;0,5008;0,803
5,738086;0,0324;0,6517;0,4754;0,807
5,744188;0,0047;0,6779;0,4231;0,799
5,747875;-0,0220;0,7127;0,3254;0,784
5,763172;-0,0569;0,7467;0,1732;0,769
5,763797;-0,0903;0,7513;-0,0093;0,757
5,764156;-0,1363;0,7507;-0,2125;0,792
5,769508;-0,1946;0,7592;-0,3891;0,875
5,776197;-0,2227;0,7770;-0,5256;0,964
5,778479;-0,2587;0,8185;-0,6516;1,078
5,783227;-0,3078;0,8695;-0,7632;1,197
5,788385;-0,3652;0,9066;-0,8137;1,272
5,793836;-0,4265;0,9441;-0,8233;1,323
5,798782;-0,4680;0,9207;-0,7692;1,288
5,803403;-0,4949;0,8465;-0,6761;1,191
5,808329;-0,4837;0,7361;-0,5445;1,036
5,813687;-0,4635;0,5900;-0,3796;0,841
5,818977;-0,3966;0,4036;-0,1959;0,599
5,823753;-0,3167;0,2056;0,0022;0,378
5,830289;-0,2002;0,0007;0,2150;0,294
5,833524;-0,1092;-0,1971;0,4383;0,493
5,838797;-0,0483;-0,3452;0,6822;0,766
5,843754;-0,0124;-0,4540;0,9046;1,012
5,848858;0,0080;-0,5050;1,1018;1,212
5,856026;0,0276;-0,5322;1,2702;1,377
5,858799;0,0604;-0,5649;1,3681;1,481
5,874996;0,1114;-0,5793;1,4017;1,521
5,875774;0,1664;-0,5903;1,4006;1,529
5,876133;0,2020;-0,5884;1,3558;1,492
5,882016;0,2138;-0,5596;1,2728;1,407
5,888668;0,2212;-0,5279;1,1423;1,278
5,889632;0,1960;-0,4788;0,9691;1,099
5,893967;0,1526;-0,4409;0,7436;0,878
5,899387;0,1056;-0,4185;0,5132;0,671
5,904501;0,0884;-0,3781;0,2819;0,480
5,909798;0,0628;-0,3811;0,0538;0,390
5,914425;0,0431;-0,3746;-0,1388;0,402
5,920900;0,0246;-0,3727;-0,2829;0,469
5,924276;0,0072;-0,3750;-0,3985;0,547
5,932209;-0,0233;-0,3765;-0,4579;0,593
5,934613;-0,0483;-0,4036;-0,4796;0,629
5,939447;-0,0821;-0,4345;-0,4897;0,660
5,944615;-0,1058;-0,4594;-0,4070;0,623
5,950015;-0,1100;-0,5117;-0,3034;0,605
5,956244;-0,0854;-0,5725;-0,1886;0,609
5,959670;-0,0513;-0,6370;-0,0528;0,641
5,975717;-0,0126;-0,7053;0,0998;0,712
5,976322;0,0449;-0,7775;0,2263;0,811
5,976554;0,0876;-0,8396;0,3608;0,918
5,980311;0,1347;-0,9012;0,4894;1,034
5,987233;0,1814;-0,9339;0,5981;1,124
5,989891;0,2228;-0,9520;0,6728;1,187
5,994774;0,2589;-0,9940;0,7235;1,256
6,000085;0,2899;-1,0312;0,7120;1,286
6,005453;0,3207;-1,0589;0,6723;1,295
6,009838;0,3276;-1,0963;0,6043;1,294
6,015006;0,3059;-1,1386;0,5512;1,301
6,020553;0,2990;-1,1571;0,4938;1,293
6,025260;0,2782;-1,1804;0,4322;1,287
6,031316;0,2674;-1,1798;0,3899;1,271
6,035415;0,2428;-1,1744;0,3717;1,255
6,040344;0,1994;-1,1738;0,3296;1,235
6,045563;0,1658;-1,1683;0,2781;1,212
6,050413;0,1181;-1,1581;0,2507;1,191
6,056243;0,0704;-1,1145;0,2425;1,143
6,060533;0,0273;-1,0949;0,2631;1,126
6,074828;-0,0257;-1,0610;0,2983;1,102
6,075655;-0,0700;-1,0369;0,3288;1,090
6,076027;-0,0864;-1,0369;0,3740;1,106
6,081349;-0,1184;-1,0373;0,4101;1,122
6,088262;-0,1326;-1,0523;0,4228;1,142
6,090740;-0,1195;-1,0820;0,4362;1,173
6,098374;-0,0744;-1,1075;0,4456;1,196
6,100902;-0,0072;-1,1238;0,4369;1,206
6,105929;0,0632;-1,1455;0,4053;1,217
6,111037;0,1608;-1,1438;0,3701;1,213
6,116535;0,2618;-1,1475;0,3314;1,223
6,121549;0,3666;-1,1374;0,2700;1,225
6,126159;0,4705;-1,1182;0,2001;1,230
6,132210;0,5596;-1,0804;0,1171;1,222
6,136883;0,6197;-1,0239;0,0207;1,197
6,143151;0,6561;-0,9773;-0,1082;1,182
6,146308;0,6784;-0,9263;-0,2171;1,168
6,157433;0,6582;-0,8850;-0,3351;1,153
6,158127;0,6577;-0,8295;-0,4190;1,139
6,163539;0,6389;-0,8122;-0,5267;1,160
6,176171;0,6112;-0,7805;-0,6010;1,159
6,176959;0,5746;-0,7535;-0,6708;1,161
6,177437;0,5435;-0,6927;-0,7315;1,145
6,182539;0,4891;-0,6412;-0,7640;1,111
6,189914;0,4543;-0,5799;-0,7351;1,041
6,191466;0,4295;-0,5231;-0,7023;0,975
6,198170;0,4145;-0,4899;-0,6562;0,918
6,201822;0,4043;-0,4515;-0,6063;0,857
6,206398;0,3895;-0,4175;-0,5575;0,798
6,211351;0,3794;-0,3976;-0,5146;0,753
6,216433;0,3789;-0,3725;-0,4917;0,724
6,221777;0,3784;-0,3327;-0,4459;0,673
6,226496;0,3923;-0,3118;-0,4010;0,642
6,232218;0,4109;-0,3192;-0,3380;0,620
6,236931;0,4151;-0,2976;-0,2567;0,572
6,243764;0,4478;-0,2805;-0,1953;0,563
6,246641;0,4708;-0,2633;-0,1247;0,554
6,256633;0,4937;-0,2605;-0,0688;0,562
6,257279;0,5213;-0,2768;-0,0033;0,590
6,262102;0,5347;-0,2980;0,0243;0,613
6,275794;0,5531;-0,2954;0,0474;0,629
6,276467;0,5480;-0,2978;0,0425;0,625
6,276885;0,5434;-0,2813;-0,0096;0,612
6,282423;0,5009;-0,2747;-0,0704;0,576
6,289492;0,4398;-0,2635;-0,1258;0,528
6,292116;0,3792;-0,2525;-0,1851;0,492
6,299216;0,3025;-0,2449;-0,2183;0,446
6,302436;0,2265;-0,2138;-0,2363;0,391
6,309461;0,1557;-0,1690;-0,2631;0,349
6,312062;0,1136;-0,1153;-0,2940;0,336
6,317385;0,0952;-0,0621;-0,3244;0,344
6,322369;0,0858;-0,0190;-0,3592;0,370
6,327217;0,0949;0,0047;-0,4316;0,442
6,332256;0,1031;0,0329;-0,4750;0,487
6,337366;0,1153;0,0514;-0,4992;0,515
6,345286;0,1410;0,0744;-0,5280;0,552
6,347321;0,1659;0,0878;-0,5330;0,565
6,364710;0,2138;0,0964;-0,5239;0,574
6,365391;0,2561;0,0765;-0,4913;0,559
6,365740;0,2977;0,0709;-0,4685;0,560
6,371276;0,3244;0,0606;-0,4410;0,551
6,372704;0,3649;0,0644;-0,4418;0,577
6,378102;0,3719;0,0395;-0,4563;0,590
6,382716;0,3788;0,0287;-0,5079;0,634
6,387697;0,3860;0,0415;-0,5536;0,676
6,393182;0,3649;0,0682;-0,5697;0,680
6,398518;0,3252;0,0991;-0,6135;0,701
6,405337;0,2670;0,1391;-0,6658;0,731
6,410369;0,2331;0,1928;-0,6983;0,761
6,413444;0,1948;0,2080;-0,7349;0,788
6,421403;0,1804;0,2372;-0,7568;0,813
6,433110;0,1565;0,2472;-0,7785;0,832
6,433787;0,1660;0,2525;-0,8097;0,864
6,434480;0,1657;0,2720;-0,8220;0,882
6,442449;0,1700;0,2916;-0,8299;0,896
6,443102;0,1456;0,3302;-0,8146;0,891
6,449056;0,1261;0,3640;-0,7667;0,858
6,455123;0,1161;0,3835;-0,7198;0,824
6,459638;0,1012;0,4124;-0,6595;0,784
6,468345;0,1098;0,4224;-0,5717;0,719
6,469012;0,1466;0,4561;-0,5088;0,699
6,473822;0,1734;0,4706;-0,4373;0,665
6,478516;0,2044;0,4851;-0,3761;0,647
6,483626;0,2495;0,4996;-0,2823;0,626
6,488353;0,3036;0,5187;-0,2037;0,635
6,493459;0,3289;0,5188;-0,1306;0,628
6,498482;0,3495;0,5188;-0,0534;0,628
6,503914;0,3560;0,5237;0,0278;0,634
6,509496;0,3769;0,5286;0,1177;0,660
6,513761;0,3980;0,5336;0,1925;0,693
6,518793;0,4195;0,5337;0,2715;0,731
6,523753;0,4222;0,5149;0,3594;0,757
6,529040;0,4348;0,5057;0,4419;0,800
6,533770;0,4193;0,4822;0,5287;0,829
6,538727;0,4138;0,4494;0,5961;0,854
6,544123;0,4041;0,4119;0,6444;0,865
6,549129;0,3901;0,3746;0,6929;0,879
6,557522;0,3813;0,3373;0,7653;0,919
6,559960;0,3728;0,2906;0,8048;0,933
6,577862;0,3552;0,2391;0,7880;0,897
6,578494;0,2953;0,2018;0,7536;0,834
6,578859;0,2362;0,1786;0,6972;0,757
6,579216;0,1637;0,1739;0,6097;0,655
6,584532;0,0878;0,1828;0,4915;0,532
6,590948;0,0319;0,1863;0,3429;0,392
6,594385;-0,0374;0,2223;0,1690;0,282
6,599361;-0,1346;0,2716;0,0029;0,303
6,604330;-0,2406;0,3391;-0,1369;0,438
6,610467;-0,3461;0,4201;-0,2179;0,586
6,614458;-0,4658;0,5051;-0,2602;0,735
6,621572;-0,5570;0,5564;-0,3453;0,860
6,624563;-0,6579;0,5934;-0,4119;0,977
6,629485;-0,7591;0,6116;-0,4651;1,080
6,634720;-0,8320;0,6254;-0,5148;1,161
6,639732;-0,8959;0,5970;-0,5231;1,197
6,644818;-0,9082;0,5552;-0,5095;1,180
6,649555;-0,8599;0,4812;-0,4600;1,087
6,656400;-0,7942;0,3848;-0,3941;0,967
6,659670;-0,7163;0,2900;-0,3599;0,852
6,676786;-0,6355;0,2159;-0,2906;0,731
6,677411;-0,5520;0,1433;-0,1725;0,596
6,677749;-0,4655;0,0675;-0,0440;0,472
6,683422;-0,3854;-0,0209;0,0997;0,399
6,685101;-0,2734;-0,1409;0,2727;0,411
6,690298;-0,1819;-0,2875;0,4609;0,573
6,695070;-0,0961;-0,4132;0,6311;0,760
6,700078;-0,0205;-0,5323;0,7934;0,956
6,705550;0,0497;-0,6023;0,9339;1,112
6,710325;0,1052;-0,6761;1,0675;1,268
6,715436;0,1700;-0,7632;1,2137;1,444
6,721794;0,2392;-0,8495;1,3304;1,596
6,725578;0,3129;-0,9495;1,4419;1,755
6,732696;0,3912;-1,0584;1,5015;1,878
6,735299;0,4693;-1,1385;1,5244;1,960
6,740678;0,5176;-1,2083;1,5123;2,004
6,745540;0,5523;-1,2692;1,4693;2,019
6,750618;0,5542;-1,3168;1,4148;2,011
6,757790;0,4996;-1,3655;1,3203;1,964
6,760507;0,4176;-1,4009;1,2243;1,907
6,777777;0,3414;-1,4040;1,0884;1,809
6,778386;0,2330;-1,3794;0,9316;1,681
6,778843;0,1160;-1,3321;0,7587;1,537
6,784467;-0,0047;-1,2474;0,5691;1,371
6,785793;-0,1533;-1,1635;0,4007;1,240
6,791265;-0,2822;-1,0802;0,2387;1,142
6,796155;-0,3965;-1,0164;0,0968;1,095
6,800954;-0,5062;-0,9577;-0,0302;1,084
6,806471;-0,5875;-0,9181;-0,1093;1,095
6,811016;-0,6407;-0,8400;-0,1601;1,069
6,815968;-0,6660;-0,7712;-0,1785;1,035
6,821917;-0,6541;-0,7163;-0,1553;0,982
6,826114;-0,6146;-0,6608;-0,1006;0,908
6,833341;-0,5477;-0,6523;-0,0480;0,853
6,836063;-0,4102;-0,6669;0,0262;0,783
6,841191;-0,2643;-0,7045;0,1075;0,760
6,846447;-0,1097;-0,7652;0,2105;0,801
6,851354;0,0445;-0,8394;0,3163;0,898
6,857917;0,1748;-0,9081;0,4395;1,024
6,861629;0,3055;-0,9572;0,5519;1,146
6,878574;0,3987;-1,0010;0,6538;1,260
6,879163;0,4738;-1,0398;0,7216;1,351
6,879516;0,5599;-1,0547;0,7606;1,416
6,885301;0,6190;-1,0457;0,7760;1,442
6,892104;0,6607;-1,0464;0,7728;1,459
6,892678;0,6758;-1,0379;0,7512;1,449
6,896500;0,6405;-1,0154;0,7067;1,393
6,901596;0,5979;-1,0030;0,6586;1,341
6,907024;0,5383;-0,9814;0,5830;1,262
6,911755;0,4520;-0,9506;0,4893;1,161
6,917072;0,3628;-0,9251;0,3873;1,067
6,922378;0,2706;-0,8904;0,2814;0,972
6,927077;0,1988;-0,8607;0,1572;0,897
6,933496;0,1284;-0,8503;0,0191;0,860
6,936992;0,0734;-0,8543;-0,1234;0,866
6,944600;0,0481;-0,8631;-0,2515;0,900
6,947208;-0,0004;-0,8715;-0,3800;0,951
6,952292;-0,0625;-0,8750;-0,4945;1,007
6,957286;-0,1239;-0,8733;-0,5906;1,061
6,962185;-0,2040;-0,8712;-0,6349;1,097
6,969340;-0,2694;-0,8687;-0,6322;1,108
6,972359;-0,3490;-0,8611;-0,6016;1,107
6,989886;-0,3906;-0,8484;-0,5527;1,085
6,990499;-0,4327;-0,8402;-0,4949;1,067
6,990862;-0,4613;-0,8367;-0,4376;1,051
6,996511;-0,4717;-0,8619;-0,3851;1,055
6,997500;-0,5167;-0,8823;-0,3326;1,075
7,003383;-0,5148;-0,8933;-0,2941;1,072
7,007606;-0,5045;-0,8902;-0,2455;1,052
7,012423;-0,5191;-0,8682;-0,2249;1,036
7,017605;-0,5109;-0,8370;-0,2086;1,003
7,022547;-0,4941;-0,7965;-0,2013;0,959
7,027643;-0,4781;-0,7371;-0,2078;0,903
7,033713;-0,4438;-0,6876;-0,2187;0,847
7,037605;-0,3959;-0,6383;-0,2101;0,780
7,045008;-0,3437;-0,5890;-0,1968;0,710
7,047828;-0,2873;-0,5494;-0,1692;0,643
7,052634;-0,2265;-0,5335;-0,1468;0,598
7,057726;-0,1705;-0,5176;-0,1535;0,566
7,062886;-0,1290;-0,5254;-0,1510;0,562
7,069748;-0,1016;-0,5330;-0,1442;0,561
7,072882;-0,0977;-0,5213;-0,1187;0,543
7,091088;-0,1077;-0,4902;-0,0890;0,510
7,091701;-0,1173;-0,4590;-0,0501;0,476
7,092056;-0,1026;-0,4277;-0,0069;0,440
7,097749;-0,1114;-0,4344;0,0406;0,450
7,098319;-0,1008;-0,4602;0,0782;0,478
7,104677;-0,0994;-0,4620;0,1156;0,486
7,108202;-0,0978;-0,4733;0,1291;0,500
7,114552;-0,1055;-0,4798;0,1333;0,509
7,119523;-0,1081;-0,4866;0,1474;0,520
7,125967;-0,0866;-0,4887;0,1478;0,518
7,128396;-0,0840;-0,4959;0,1057;0,514
7,137189;-0,0812;-0,4889;0,0690;0,500
7,138426;-0,0782;-0,4822;-0,0005;0,488
7,148059;-0,0845;-0,4709;-0,0597;0,482
7,148671;-0,1194;-0,4551;-0,1230;0,486
7,159696;-0,1396;-0,4347;-0,1809;0,491
7,160293;-0,1584;-0,4021;-0,2318;0,490
7,163487;-0,1769;-0,3604;-0,2820;0,491
7,183036;-0,1950;-0,3523;-0,3458;0,531
7,183649;-0,2128;-0,3396;-0,4232;0,583
7,183996;-0,2586;-0,3318;-0,4951;0,650
7,184339;-0,3133;-0,2860;-0,5760;0,715
7,189770;-0,3436;-0,2452;-0,6326;0,760
7,200885;-0,3924;-0,2141;-0,6796;0,813
7,201482;-0,4551;-0,1688;-0,7314;0,878
7,211866;-0,5174;-0,1188;-0,7740;0,939
7,212467;-0,5888;-0,0594;-0,8029;0,997
7,223072;-0,6362;0,0142;-0,8231;1,040
7,223675;-0,6456;0,1019;-0,7874;1,023
7,224174;-0,6888;0,1657;-0,7390;1,024
7,234186;-0,7227;0,2056;-0,6733;1,009
7,234776;-0,7333;0,2504;-0,5952;0,977
7,245480;-0,7258;0,2859;-0,5285;0,942
7,246072;-0,7193;0,3309;-0,4255;0,899
7,256495;-0,6760;0,3760;-0,3245;0,839
7,257190;-0,6199;0,4019;-0,2013;0,766
7,267752;-0,5606;0,4136;-0,1130;0,706
7,268345;-0,4933;0,4063;-0,0402;0,640
7,291314;-0,4415;0,4038;0,0366;0,599
7,291932;-0,3529;0,4157;0,1079;0,556
7,292267;-0,2847;0,4273;0,1978;0,550
7,292609;-0,2032;0,4387;0,2920;0,565
7,293007;-0,1321;0,4546;0,3574;0,593
7,297941;-0,0618;0,4653;0,4371;0,641
7,305066;0,0032;0,4756;0,5169;0,702
7,305638;0,0488;0,4761;0,6017;0,769
7,314928;0,0752;0,4808;0,6394;0,803
7,315514;0,0968;0,4707;0,6591;0,816
7,319951;0,1137;0,4600;0,6564;0,810
7,326211;0,1173;0,4615;0,6745;0,826
7,330155;0,1115;0,4909;0,6418;0,816
7,337049;0,0725;0,5386;0,5633;0,783
7,340143;0,0433;0,5662;0,4630;0,733
7,348248;0,0144;0,6455;0,3603;0,739
7,350626;-0,0144;0,7190;0,2598;0,765
7,359634;-0,0285;0,7676;0,1280;0,779
7,360314;-0,0761;0,7963;-0,0162;0,800
7,383075;-0,0995;0,8195;-0,1062;0,832
7,383685;-0,1277;0,8614;-0,1614;0,886
7,384032;-0,1466;0,9079;-0,1874;0,939
7,384390;-0,1277;0,9590;-0,2087;0,990
7,389649;-0,0954;0,9959;-0,1874;1,018
7,401087;-0,0401;0,9900;-0,1717;1,006
7,401688;0,0239;0,9512;-0,1191;0,959
7,402042;0,1159;0,8555;-0,0775;0,867
7,412087;0,2266;0,7415;-0,0326;0,776
7,412682;0,3253;0,6141;-0,0176;0,695
7,419839;0,3998;0,4883;-0,0039;0,631
7,423809;0,4745;0,3593;0,0516;0,597
7,425825;0,5446;0,2364;0,0869;0,600
7,431254;0,5820;0,1292;0,1355;0,611
7,435989;0,5820;0,0468;0,1737;0,609
7,441225;0,5356;0,0128;0,1923;0,569
7,447804;0,4620;-0,0113;0,2250;0,514
7,451303;0,3852;-0,0115;0,2386;0,453
7,457575;0,3146;0,0120;0,2665;0,412
7,461586;0,2641;0,0352;0,2803;0,387
7,472350;0,2287;0,0439;0,2894;0,371
7,473042;0,1844;0,0288;0,2702;0,328
7,477092;0,1595;-0,0052;0,2652;0,309
7,489653;0,1585;-0,0150;0,2884;0,329
7,490394;0,1431;-0,0625;0,3205;0,357
7,496343;0,1416;-0,1142;0,3660;0,409
7,497077;0,1490;-0,1937;0,4342;0,498
7,503371;0,1747;-0,2629;0,5297;0,617
7,506858;0,2470;-0,3361;0,6145;0,743
7,512670;0,3322;-0,4418;0,7031;0,894
7,516418;0,4256;-0,5609;0,8003;1,066
7,523019;0,5132;-0,6934;0,8779;1,231
7,526626;0,6143;-0,8155;0,9460;1,392
7,531639;0,7007;-0,9085;0,9716;1,503
7,537001;0,7396;-1,0011;0,9889;1,590
7,542817;0,7744;-1,0747;0,9696;1,642
7,549080;0,7674;-1,1293;0,9144;1,643
7,571237;0,7385;-1,1689;0,8392;1,617
7,571851;0,7016;-1,1853;0,7187;1,554
7,572202;0,6279;-1,2026;0,5384;1,460
7,572550;0,5462;-1,1776;0,3509;1,345
7,572958;0,4899;-1,1294;0,1417;1,239
7,578498;0,4110;-1,0626;-0,0658;1,141
7,582515;0,3526;-0,9866;-0,2626;1,080
7,587327;0,3098;-0,9106;-0,4445;1,060
7,593211;0,2488;-0,8486;-0,6125;1,076
7,597707;0,1935;-0,8005;-0,7432;1,109
7,603140;0,1390;-0,7610;-0,8279;1,133
7,607745;0,0610;-0,6966;-0,8720;1,118
7,615175;-0,0216;-0,6692;-0,9097;1,129
7,617973;-0,0996;-0,6403;-0,9126;1,119
7,626384;-0,1398;-0,6435;-0,8859;1,104
7,628040;-0,1664;-0,6689;-0,7963;1,053
7,637701;-0,1701;-0,7263;-0,6726;1,004
7,638306;-0,1316;-0,7724;-0,5243;0,943
7,642708;-0,0465;-0,8315;-0,3321;0,897
7,647668;0,0281;-0,8939;-0,1529;0,907
7,653105;0,1065;-0,9648;0,0185;0,971
7,661060;0,1841;-1,0347;0,1877;1,068
7,662716;0,2658;-1,0561;0,3696;1,150
7,683526;0,3279;-1,0773;0,5509;1,254
7,684248;0,3896;-1,0937;0,6891;1,350
7,684605;0,4319;-1,1008;0,7707;1,412
7,685012;0,4454;-1,1181;0,7867;1,438
7,690251;0,4491;-1,1074;0,7950;1,435
7,701821;0,4242;-1,0737;0,7817;1,394
7,702430;0,3753;-1,0410;0,7514;1,338
7,713207;0,3407;-1,0140;0,6946;1,275
7,713818;0,2914;-1,0022;0,6159;1,212
7,714167;0,2608;-0,9768;0,5292;1,141
7,725452;0,2105;-0,9760;0,4202;1,083
7,726043;0,1881;-0,9757;0,3314;1,047
7,736521;0,1601;-0,9758;0,2624;1,023
7,737308;0,1647;-0,9618;0,2274;1,002
7,747370;0,1682;-0,9719;0,2260;1,012
7,747997;0,1753;-0,9582;0,2198;0,999
7,748491;0,1857;-0,9399;0,2136;0,982
7,758974;0,1995;-0,9314;0,2075;0,975
7,759606;0,2549;-0,9135;0,1873;0,967
7,770588;0,3183;-0,8961;0,1866;0,969
7,771221;0,3946;-0,8886;0,1722;0,987
7,795471;0,4838;-0,8721;0,1538;1,009
7,796106;0,5717;-0,8418;0,1218;1,025
7,796469;0,6777;-0,7976;0,0765;1,049
7,796963;0,7783;-0,7492;0,0274;1,081
7,797300;0,8497;-0,7014;-0,0301;1,102
7,802653;0,9019;-0,6541;-0,1056;1,119
7,814211;0,9304;-0,6025;-0,1799;1,123
7,814845;0,9259;-0,5467;-0,2722;1,109
7,815208;0,8887;-0,4865;-0,3729;1,080
7,825660;0,8381;-0,4171;-0,4823;1,053
7,826278;0,7742;-0,3479;-0,6100;1,045
7,837085;0,7161;-0,2645;-0,7324;1,058
7,837715;0,6734;-0,1667;-0,8596;1,105
7,847537;0,6460;-0,0926;-0,9537;1,156
7,848152;0,5909;-0,0371;-1,0153;1,175
7,859021;0,5510;0,0046;-1,0877;1,219
7,859784;0,4927;0,0472;-1,0854;1,193
7,860181;0,4205;0,0811;-1,0277;1,113
7,870959;0,3678;0,1207;-0,9530;1,029
7,871593;0,3247;0,1661;-0,8281;0,905
7,895885;0,3343;0,1645;-0,7103;0,802
7,896504;0,3437;0,1352;-0,5709;0,680
7,896907;0,3578;0,0637;-0,4526;0,580
7,897251;0,3764;-0,0022;-0,3216;0,495
7,897606;0,3855;-0,0389;-0,1871;0,430
7,902816;0,3992;-0,0752;-0,0296;0,407
7,913442;0,4083;-0,0970;0,0847;0,428
7,914044;0,4125;-0,0998;0,2087;0,473
7,924840;0,3930;-0,1268;0,3525;0,543
7,925428;0,3928;-0,1399;0,4399;0,606
7,925756;0,3783;-0,1346;0,4952;0,638
7,936207;0,3614;-0,1196;0,5008;0,629
7,936866;0,3447;-0,1056;0,4656;0,589
7,947093;0,3282;-0,0737;0,3993;0,522
7,947682;0,2833;-0,0476;0,3070;0,420
7,958660;0,2293;-0,0132;0,1984;0,303
7,959291;0,2184;0,0250;0,0922;0,238
7,959801;0,1980;0,0670;-0,0260;0,211
7,969951;0,1682;0,1177;-0,1376;0,247
7,970566;0,1481;0,1676;-0,2239;0,316
7,995778;0,1375;0,2028;-0,2997;0,387
7,996397;0,1079;0,2235;-0,3654;0,442
7,996810;0,0785;0,2489;-0,4024;0,480
7,997182;0,0683;0,2600;-0,4206;0,499
7,997527;0,0581;0,2571;-0,4250;0,500
8,002724;0,0192;0,2592;-0,4062;0,482
8,013835;0,0043;0,2806;-0,3693;0,464
8,014438;-0,0108;0,2830;-0,3475;0,448
8,025099;-0,0166;0,2620;-0,3264;0,419
8,025693;-0,0369;0,2412;-0,3250;0,406
8,026055;-0,0242;0,2303;-0,2955;0,375
8,036321;-0,0120;0,2100;-0,2568;0,332
8,036965;-0,0099;0,2135;-0,2326;0,316
8,049002;-0,0036;0,1978;-0,2036;0,284
8,049594;0,0307;0,1867;-0,1933;0,270
8,059549;0,0690;0,1612;-0,1683;0,243
8,060484;0,1210;0,1355;-0,1523;0,237
8,060863;0,1438;0,0954;-0,1261;0,214
8,069925;0,1473;0,0647;-0,1373;0,211
8,070530;0,1365;0,0481;-0,1569;0,213
8,094875;0,1400;0,0644;-0,2086;0,259
8,095479;0,1529;0,0992;-0,2352;0,298
8,095839;0,1276;0,1428;-0,2704;0,331
8,096163;0,1119;0,1573;-0,3095;0,365
8,096501;0,0866;0,1763;-0,3337;0,387
8,101965;0,0755;0,2046;-0,3339;0,399
8,113611;0,0546;0,2137;-0,3389;0,404
8,114215;0,0666;0,1848;-0,3536;0,405
8,125096;0,0875;0,1516;-0,3545;0,395
8,125691;0,1270;0,1047;-0,3654;0,401
8,126170;0,1611;0,0679;-0,3770;0,416
8,136683;0,1807;0,0366;-0,3561;0,401
8,137320;0,2003;0,0155;-0,3124;0,371
8,148072;0,2342;-0,0288;-0,2747;0,362
8,148661;0,2211;-0,0818;-0,2570;0,349
8,159661;0,1901;-0,1247;-0,2636;0,348
8,160288;0,1369;-0,1337;-0,2798;0,339
8,170949;0,0665;-0,1237;-0,3004;0,332
8,171546;-0,0019;-0,0901;-0,3251;0,337
8,171892;-0,0924;-0,0236;-0,2924;0,308
8,195633;-0,1912;0,0756;-0,2122;0,295
8,196228;-0,2987;0,1692;-0,1232;0,365
8,196581;-0,3819;0,3048;-0,0637;0,493
8,196981;-0,4558;0,4441;-0,0099;0,636
8,197311;-0,5063;0,5825;0,0476;0,773
8,202616;-0,5289;0,6441;0,1037;0,840
8,213996;-0,5428;0,6818;0,1631;0,887
8,214571;-0,5150;0,6911;0,2303;0,892
8,225305;-0,4789;0,6773;0,3143;0,887
8,225902;-0,4109;0,6262;0,3912;0,845
8,236666;-0,3255;0,5572;0,4659;0,796
8,237330;-0,2273;0,4514;0,5905;0,777
8,237680;-0,1591;0,3424;0,7128;0,807
8,247875;-0,0730;0,2537;0,8378;0,878
8,248465;0,0124;0,1470;0,9564;0,968
8,259015;0,0924;0,0557;1,0594;1,065
8,259599;0,1484;-0,0111;1,1379;1,148
8,270241;0,2140;-0,0774;1,1878;1,209
8,270827;0,2514;-0,1625;1,2285;1,264
8,296208;0,2656;-0,2141;1,2417;1,288
8,296865;0,2474;-0,2422;1,2420;1,289
8,297205;0,2399;-0,2801;1,2297;1,284
8,297690;0,2096;-0,2853;1,1339;1,188
8,298047;0,1899;-0,3008;0,9932;1,055
8,298374;0,1616;-0,3168;0,8696;0,940
8,303215;0,1390;-0,3286;0,7389;0,821
8,314260;0,0933;-0,3265;0,6199;0,707
8,314851;0,0390;-0,3200;0,5169;0,609
8,325411;-0,0193;-0,3422;0,4388;0,557
8,326011;-0,0675;-0,3737;0,3758;0,534
8,336605;-0,1198;-0,4097;0,3274;0,538
8,337250;-0,1622;-0,4690;0,2744;0,567
8,347951;-0,1898;-0,5418;0,2119;0,612
8,348540;-0,2264;-0,5947;0,1540;0,655
8,348931;-0,2436;-0,6469;0,1292;0,703
8,359179;-0,2318;-0,6839;0,1369;0,735
8,359774;-0,2199;-0,7201;0,1247;0,763
8,371424;-0,2221;-0,7699;0,0928;0,807
8,372022;-0,2432;-0,7857;0,0842;0,827
8,396522;-0,2830;-0,7916;0,1226;0,850
8,397166;-0,3511;-0,7878;0,2221;0,891
8,397522;-0,4378;-0,7697;0,3111;0,939
8,397859;-0,4958;-0,7755;0,3945;1,001
8,398208;-0,5302;-0,7956;0,4442;1,054
8,398555;-0,5365;-0,8348;0,4179;1,077
8,403657;-0,5435;-0,8550;0,3829;1,083
8,414450;-0,5462;-0,8753;0,3487;1,089
8,415042;-0,5590;-0,8435;0,3342;1,066
8,425742;-0,5486;-0,8168;0,2868;1,025
8,426323;-0,5530;-0,7761;0,2539;0,986
8,433137;-0,5531;-0,7213;0,2731;0,949
8,433636;-0,5062;-0,7046;0,2819;0,912
8,438860;-0,4315;-0,7350;0,2611;0,891
8,443580;-0,3624;-0,7742;0,2205;0,883
8,449150;-0,3223;-0,8174;0,2172;0,905
8,453658;-0,2873;-0,8454;0,2558;0,929
8,459779;-0,2573;-0,8442;0,2883;0,928
8,463836;-0,2082;-0,8189;0,2629;0,885
8,472699;-0,1494;-0,8125;0,2229;0,856
8,473842;-0,0808;-0,7963;0,1733;0,819
8,493030;0,0072;-0,7846;0,1615;0,801
8,493555;0,0433;-0,7489;0,1729;0,770
8,493841;0,0468;-0,7176;0,1453;0,734
8,494119;0,0368;-0,6719;0,0934;0,679
8,499864;0,0326;-0,6782;-0,0587;0,681
8,506828;0,0962;-0,7881;-0,2394;0,829
8,509298;0,1609;-0,7681;-0,0590;0,787
8,514841;0,1406;-0,5434;-0,0045;0,561
8,520063;-0,0022;-0,4008;0,0108;0,401
8,527044;-0,1005;-0,3349;0,0586;0,355
8,530034;-0,0884;-0,3595;0,1578;0,402
8,535111;-0,0386;-0,4313;0,2133;0,483
8,539798;-0,0227;-0,5214;0,1830;0,553
8,545072;0,0024;-0,5871;0,1246;0,600
8,549939;0,0272;-0,6193;0,0435;0,621
8,554708;0,0235;-0,6041;-0,0123;0,605
8,563659;0,0153;-0,5800;-0,0430;0,582
8,564815;0,0216;-0,5566;-0,0724;0,562
8,588152;0,0280;-0,5528;-0,1291;0,568
8,588871;0,0106;-0,5257;-0,1894;0,559
8,589207;-0,0019;-0,4896;-0,2723;0,560
8,589547;-0,0003;-0,4777;-0,3684;0,603
8,589882;-0,0224;-0,4520;-0,4870;0,665
8,595364;-0,0492;-0,4218;-0,5283;0,678
8,600662;-0,0473;-0,3872;-0,5122;0,644
8,606082;-0,0549;-0,3577;-0,5292;0,641
8,611376;-0,0864;-0,3333;-0,5506;0,649
8,616510;-0,1225;-0,3140;-0,5337;0,631
8,620519;-0,1634;-0,3092;-0,5262;0,632
8,627629;-0,1948;-0,2714;-0,4949;0,597
8,630538;-0,2171;-0,2387;-0,4874;0,584
8,639858;-0,2350;-0,2065;-0,4748;0,569
8,640615;-0,2534;-0,1938;-0,4383;0,542
8,645676;-0,2674;-0,1815;-0,3780;0,497
8,651322;-0,2866;-0,1600;-0,3369;0,470
8,655860;-0,3065;-0,1151;-0,3102;0,451
8,663336;-0,3081;-0,0706;-0,2885;0,428
8,665742;-0,3059;-0,0312;-0,2814;0,417
8,689044;-0,2713;0,0031;-0,2507;0,369
8,689672;-0,2285;0,0370;-0,1965;0,304
8,690032;-0,1820;0,0610;-0,1284;0,231
8,690369;-0,1510;0,0704;-0,0749;0,183
8,690722;-0,1064;0,0795;-0,0359;0,138
8,696063;-0,0627;0,0457;-0,0255;0,082
8,701310;-0,0052;-0,0021;-0,0246;0,025
8,705869;0,0518;-0,0450;-0,0567;0,089
8,710731;0,0800;-0,0685;-0,0883;0,137
8,716054;0,0990;-0,0777;-0,0956;0,158
8,721120;0,1185;-0,0776;-0,0977;0,172
8,727659;0,1242;-0,0633;-0,1184;0,183
8,730836;0,1353;-0,0067;-0,1621;0,211
8,739151;0,1044;0,0445;-0,2050;0,234
8,741194;0,0554;0,0714;-0,2425;0,259
8,746654;0,0218;0,0932;-0,2699;0,286
8,751071;-0,0299;0,1338;-0,3207;0,349
8,756515;-0,0666;0,1551;-0,3139;0,356
8,762809;-0,0932;0,1667;-0,3167;0,370
8,766212;-0,1148;0,1829;-0,3431;0,405
8,788242;-0,1503;0,1989;-0,3692;0,445
8,788907;-0,1807;0,2100;-0,3807;0,471
8,789333;-0,1873;0,2210;-0,3969;0,491
8,789685;-0,1986;0,2319;-0,3750;0,484
8,794940;-0,1911;0,2427;-0,3629;0,477
8,805454;-0,1838;0,2298;-0,3035;0,423
8,806058;-0,1768;0,2123;-0,1972;0,339
8,817594;-0,1939;0,1900;-0,0822;0,284
8,818183;-0,1873;0,1726;0,0274;0,256
8,818538;-0,1715;0,1597;0,1175;0,262
8,828896;-0,1561;0,1276;0,1932;0,279
8,829530;-0,1316;0,0906;0,2452;0,293
8,840151;-0,0930;0,0769;0,2694;0,295
8,840845;-0,0405;0,0721;0,2471;0,261
8,879935;-0,0261;0,0808;0,2216;0,237
8,881019;-0,0066;0,0887;0,1644;0,187
8,881324;-0,0154;0,1147;0,0994;0,153
8,881590;-0,0191;0,1447;0,0028;0,146
8,881860;-0,0463;0,1976;-0,0969;0,225
8,882143;-0,0875;0,2497;-0,1903;0,326
8,882408;-0,1282;0,2773;-0,2776;0,413
8,882683;-0,1590;0,3236;-0,3451;0,499
8,882933;-0,1993;0,3505;-0,4073;0,573
8,887071;-0,2444;0,3964;-0,4788;0,668
8,905648;-0,2752;0,4469;-0,5503;0,760
8,906965;-0,2824;0,4833;-0,5935;0,816
8,907781;-0,2805;0,4915;-0,5853;0,814
8,908627;-0,2790;0,4671;-0,5500;0,774
8,942603;-0,2731;0,4343;-0,4831;0,705
8,943393;-0,2629;0,4073;-0,3802;0,616
8,943678;-0,2389;0,3527;-0,2840;0,512
8,952821;-0,2204;0,2989;-0,1658;0,407
8,954079;-0,1787;0,2602;-0,0442;0,319
8,954483;-0,1378;0,2217;0,0571;0,267
8,954741;-0,1071;0,1882;0,1532;0,265
8,959018;-0,0963;0,1594;0,2204;0,289
8,959489;-0,0955;0,1302;0,2594;0,306
8,959687;-0,0764;0,1197;0,2801;0,314
8,964986;-0,0436;0,1132;0,2448;0,273
8,967355;-0,0115;0,0917;0,1969;0,218
8,980702;0,0057;0,0934;0,1506;0,177
8,981183;0,0319;0,0991;0,0916;0,139
8,987931;0,0340;0,1088;0,0532;0,126
8,988356;0,0313;0,1178;-0,0028;0,122
8,995085;0,0427;0,1358;-0,0528;0,152
8,997783;0,0493;0,1768;-0,1158;0,217
9,005807;0,0560;0,2599;-0,2060;0,336
9,007607;0,0677;0,3276;-0,3089;0,455
9,012867;0,0702;0,3897;-0,3962;0,560
9,017817;0,0920;0,4465;-0,4635;0,650
9,023000;0,0759;0,4934;-0,5113;0,715
9,027937;0,0507;0,5498;-0,5071;0,750
9,033056;0,0305;0,5684;-0,5039;0,760
9,039321;-0,0087;0,5875;-0,4830;0,761
9,043538;-0,0383;0,6121;-0,4401;0,755
9,050971;-0,0109;0,6089;-0,4133;0,736
9,053858;0,0256;0,5639;-0,3551;0,667
9,058342;0,1093;0,5107;-0,2942;0,599
9,063384;0,1546;0,4207;-0,2067;0,494
9,068208;0,1999;0,3038;-0,1355;0,388
9,073072;0,2120;0,1981;-0,0519;0,295
9,078655;0,2058;0,0891;0,0017;0,224
9,102132;0,2004;0,0146;0,0258;0,203
9,102800;0,2104;-0,0258;0,0353;0,215
9,103152;0,2022;-0,0706;0,0542;0,221
9,103495;0,1998;-0,1247;0,0639;0,244
9,103839;0,2030;-0,1643;0,0597;0,268
9,108570;0,1738;-0,1896;-0,0009;0,257
9,113516;0,1454;-0,1768;-0,0510;0,235
9,118585;0,1179;-0,1692;-0,1003;0,229
9,123861;0,0720;-0,1570;-0,1773;0,248
9,128765;0,0316;-0,1450;-0,2488;0,290
9,133714;0,0061;-0,1663;-0,3244;0,365
9,139636;0,0144;-0,1967;-0,3950;0,441
9,143939;0,0179;-0,2265;-0,4466;0,501
9,150042;0,0216;-0,2460;-0,4369;0,502
9,154093;0,0160;-0,2788;-0,4097;0,496
9,161396;0,0011;-0,3058;-0,3461;0,462
9,163874;-0,0232;-0,3410;-0,2846;0,445
9,168984;-0,0427;-0,3798;-0,1637;0,416
9,175036;-0,0623;-0,4410;-0,0026;0,445
9,179627;-0,0538;-0,4819;0,1462;0,506
9,200377;-0,0316;-0,5359;0,2829;0,607
9,201132;0,0088;-0,5889;0,4460;0,739
9,201496;0,0625;-0,6221;0,6403;0,895
9,201820;0,1197;-0,6453;0,7899;1,027
9,207630;0,1804;-0,6826;0,9859;1,213
9,209521;0,2635;-0,7436;1,1475;1,393
9,214603;0,3785;-0,8048;1,2850;1,563
9,219466;0,4730;-0,8616;1,4086;1,718
9,224451;0,5569;-0,8859;1,4857;1,817
9,229553;0,6067;-0,8971;1,4790;1,833
9,234637;0,6754;-0,8956;1,3895;1,786
9,239564;0,7156;-0,8719;1,2606;1,692
9,244928;0,7611;-0,8262;1,1305;1,594
9,251241;0,7645;-0,7584;0,9705;1,450
9,254864;0,7500;-0,6972;0,7806;1,288
9,262530;0,7274;-0,6278;0,5892;1,127
9,265330;0,6920;-0,5645;0,4100;0,983
9,275456;0,6675;-0,5020;0,2520;0,872
9,276060;0,6300;-0,4402;0,1147;0,777
9,280005;0,5889;-0,3598;-0,0264;0,691
9,300116;0,5252;-0,2891;-0,1526;0,619
9,300914;0,4671;-0,2232;-0,2406;0,571
9,301339;0,4003;-0,1807;-0,2817;0,522
9,301696;0,3387;-0,1280;-0,3100;0,477
9,306835;0,3009;-0,0746;-0,2924;0,426
9,310027;0,2771;-0,0488;-0,2533;0,379
9,317992;0,2671;-0,0647;-0,1931;0,336
9,320248;0,2755;-0,1028;-0,1212;0,318
9,329264;0,2834;-0,1773;-0,0332;0,336
9,330227;0,2956;-0,2452;0,1045;0,398
9,335357;0,2885;-0,2973;0,2014;0,461
9,340437;0,2641;-0,3314;0,3269;0,535
9,345470;0,2538;-0,3648;0,4464;0,630
9,350268;0,2768;-0,3880;0,5506;0,728
9,355363;0,3283;-0,4110;0,6591;0,843
9,363666;0,3747;-0,4434;0,7244;0,928
9,365599;0,4115;-0,4665;0,7709;0,991
9,384499;0,4577;-0,5043;0,7607;1,021
9,385108;0,4849;-0,5425;0,7273;1,029
9,385344;0,4930;-0,5286;0,7331;1,030
9,391660;0,4437;-0,4341;0,7161;0,948
9,392174;0,3704;-0,3405;0,6573;0,828
9,399058;0,3067;-0,2623;0,6335;0,751
9,400551;0,2619;-0,2473;0,5918;0,693
9,409946;0,2740;-0,2809;0,5418;0,669
9,410856;0,2808;-0,3103;0,4403;0,607
9,419373;0,2871;-0,3307;0,3444;0,557
9,421071;0,2546;-0,3131;0,2872;0,495
9,430016;0,2458;-0,2861;0,2495;0,452
9,430886;0,2175;-0,2735;0,2165;0,411
9,435960;0,2031;-0,2609;0,1884;0,381
9,442656;0,2219;-0,2769;0,1840;0,400
9,446574;0,2594;-0,3023;0,2032;0,447
9,454669;0,2872;-0,3181;0,1984;0,472
9,456314;0,3052;-0,3290;0,2270;0,503
9,465715;0,3328;-0,3208;0,2700;0,535
9,466674;0,3650;-0,3463;0,2798;0,576
9,491837;0,4019;-0,3624;0,2564;0,599
9,492491;0,4244;-0,3598;0,2431;0,607
9,492892;0,4563;-0,3336;0,2256;0,609
9,493262;0,4882;-0,3077;0,2086;0,614
9,493601;0,4865;-0,3157;0,1777;0,607
9,499114;0,4609;-0,3383;0,1473;0,590
9,501948;0,4258;-0,3515;0,1028;0,562
9,506860;0,4103;-0,3361;0,1065;0,541
9,512245;0,3903;-0,3112;0,1294;0,516
9,517426;0,3824;-0,2699;0,1415;0,489
9,521898;0,3652;-0,2477;0,1295;0,460
9,529954;0,3436;-0,2396;0,1219;0,436
9,531874;0,3319;-0,2361;0,1330;0,428
9,536679;0,3156;-0,2560;0,0627;0,411
9,543269;0,3287;-0,2945;0,0546;0,445
9,547439;0,3044;-0,2946;0,1698;0,456
9,552221;0,2758;-0,2708;0,3077;0,494
9,557207;0,2285;-0,2327;0,3824;0,503
9,564824;0,2004;-0,2138;0,3992;0,495
9,567627;0,1910;-0,2092;0,4396;0,523
9,590093;0,1861;-0,2238;0,5461;0,619
9,590739;0,1995;-0,2289;0,6852;0,749
9,591114;0,2454;-0,2531;0,7425;0,822
9,591470;0,2854;-0,2915;0,7663;0,868
9,597033;0,3389;-0,3251;0,8187;0,944
9,597586;0,3587;-0,3728;0,8329;0,980
9,607785;0,3739;-0,4297;0,7758;0,962
9,608436;0,3799;-0,4005;0,8188;0,988
9,618873;0,3576;-0,3382;0,8519;0,984
9,619505;0,3215;-0,2857;0,7943;0,903
9,630537;0,3050;-0,2714;0,7225;0,830
9,631159;0,3366;-0,3141;0,6513;0,798
9,641442;0,3876;-0,3705;0,6089;0,811
9,642077;0,4151;-0,4500;0,5620;0,831
9,652477;0,4386;-0,5856;0,5012;0,887
9,653171;0,4154;-0,6488;0,4645;0,900
9,653539;0,3604;-0,6118;0,4379;0,834
9,664699;0,2641;-0,5277;0,4356;0,733
9,665541;0,1648;-0,4162;0,4053;0,604
9,677546;0,0716;-0,3677;0,3616;0,521
9,678269;-0,0065;-0,3722;0,3142;0,487
9,701941;-0,0795;-0,3913;0,2581;0,475
9,702711;-0,1427;-0,4059;0,1554;0,457
9,703021;-0,2153;-0,3872;0,0823;0,451
9,703295;-0,2402;-0,3451;0,0337;0,422
9,703569;-0,2796;-0,2939;0,0235;0,406
9,703836;-0,3192;-0,2384;0,0324;0,400
